Timestamp,User ID,Valence Thought,Valence Classification,Engagement Thought,Engagement Classification,Polarization Thought,Polarization Classification,User Need Thought,KNOWLEDGE,UNDERSTANDING,FEELING,DOING,KEEP_ME_ENGAGED,UPDATE_ME,EDUCATE_ME,GIVE_ME_PERSPECTIVE,DIVERT_ME,INSPIRE_ME,CONNECT_ME,HELP_ME
2024-09-26 12:53:06,user_565982_threads_cleaned,"While not explicitly expressing negative emotions like anger or frustration, the consistent challenges and criticisms towards specific political views, as well as the language used in those criticisms, suggest an underlying negative valence.  Phrases such as ""leider"" (unfortunately), ""entlarvend"" (revealing/incriminating), ""naiv"" (naive), and rhetorical questions like ""Seltsam, oder?"" (Strange, isn't it?) hint at an undercurrent of disapproval or disagreement, even when factual corrections are presented in a seemingly neutral tone.  This, coupled with the focused criticism on particular political ideologies, supports the classification of a negative valence.",negative,"User Amidala67 actively participates in discussions across various political and social topics, demonstrating a consistent pattern of engagement.  The user responds to others' comments, often challenging their viewpoints with factual corrections, counterarguments, or rhetorical questions.  This suggests an active interest in the ongoing discourse and a willingness to participate actively rather than passively consuming information.  The replies are generally concise and focused on specific points of disagreement, supporting the assessment of an engaged user.",engaged,"Amidala67's comments reveal a distinct political leaning, consistently challenging right-leaning viewpoints and narratives.  This is particularly apparent in the comments on articles discussing the FPÖ (an Austrian right-wing political party), where the language used is sharp and critical.  Furthermore, there's a recurring pattern of challenging comments that support conservative or right-wing political figures or policies.  These consistent disagreements and criticisms directed at a specific side of the political spectrum point towards a strong polarization in the user's engagement.",polarized,"The user's comments consistently aim to provide factual information and alternative perspectives, correcting perceived inaccuracies and expanding on complex issues like historical contexts of socialism or economic impacts of tariffs.  This indicates a drive towards disseminating knowledge and fostering a more nuanced understanding of the subjects discussed.  The replies often contain additional context, signaling a desire to go beyond surface-level discussions and engage with the underlying complexities of the issues.",1,1,0,0,0,0,1,1,0,0,0,0
2024-09-26 12:53:42,user_15898_threads_cleaned,"The user's comments often contain a critical or skeptical tone, suggesting a slightly negative emotional valence.  They frequently express frustration with perceived media bias, political hypocrisy, and social issues. Phrases such as 'Ich kann das Gefasel nicht mehr hören' and 'Schlimm' convey negativity and disapproval.  However, this negativity is usually directed towards specific issues or narratives, rather than reflecting a generally pessimistic outlook. Their engagement also suggests an underlying motivation to seek understanding and engage in constructive dialogue, which balances the negative valence.",Slightly negative,"The user 'a b1' actively participates in discussions across various articles, demonstrating a consistent level of engagement.  They initiate new threads and reply to others, indicating a willingness to share their perspective and interact with fellow commenters.  The user's comments often challenge prevailing narratives or offer alternative viewpoints, suggesting a critical and analytical approach to the news. For instance, in their comment regarding the Austrian political landscape, they challenge the narrative of corruption being limited to a single party, asserting that it is a systemic issue.  This tendency to question established views is also evident in their comments on international politics and social issues. The user frequently uses phrases like 'Ich kann das Gefasel nicht mehr hören' or 'Der braucht mir keiner dumm zu spielen', which further emphasizes their critical engagement with the topics.",Engaged,"While the user expresses strong opinions and challenges popular narratives, their comments don't exhibit a clear pattern of extreme polarization. They engage in discussions across a spectrum of topics, from economic policy to international affairs, without consistently aligning with a specific ideological position.  Their criticism is often directed towards perceived media bias or political hypocrisy, rather than expressing outright hostility towards particular groups or ideologies.  While they defend certain political figures like Donald Trump, their arguments primarily focus on challenging the media's portrayal of him.  The user also expresses critical views on certain political practices, such as corruption and military intervention, regardless of the actors involved.",Neutral,"The user's engagement seems driven by a need to understand the complexities behind news events and to challenge simplistic explanations.  They ask critical questions, seeking clarification and deeper insights into the issues discussed. For example, in the article about mindestsicherung, they question how eligibility is determined, highlighting a desire for factual accuracy and transparency.  Their comments also suggest a desire to influence others' thinking and challenge prevailing opinions. They frequently offer alternative perspectives and encourage readers to consider different viewpoints. The use of strong language and direct challenges, such as 'Der braucht mir keiner dumm zu spielen', reflects a proactive approach to shaping public discourse.",0,1,0,1,0,0,1,1,0,0,0,0
2024-09-26 12:54:13,user_9431_threads_cleaned,"While there are some neutral comments, the overall tone is predominantly negative, particularly when discussing political topics.  The user expresses anger, contempt, and sarcasm, often using strong, negatively charged language. There's a noticeable trend of criticizing and devaluing opposing views, which further emphasizes a negative valence.",negative,"The user 'bandenchef' comments across a variety of articles, indicating a high level of engagement with news and current events.  The topics range from legal cases involving CBD to political discussions, technology, and even sports.  This active participation across diverse subjects suggests an ongoing interest in staying informed and expressing opinions.",highly_engaged,"bandenchef' consistently expresses strong opinions, often critical of specific political figures and groups.  Examples include comments about the FPÖ (Freedom Party of Austria), Strache, Kurz, and expressing disdain for those he perceives as ""right-wing.""  He uses labels like ""Nazis"" and ""idiots"" to devalue opposing viewpoints. This pointed language and frequent criticism reveal a polarized perspective.",polarized,"The user's comments express strong feelings about societal and political matters.  The act of commenting itself fulfills a need to express these feelings and potentially influence others ('doing').  The user is not merely seeking information but also engaging in discussions and expressing judgment.  There could be a sense of impact, albeit virtually.",0,0,1,1,1,0,0,1,0,0,0,0
2024-09-26 12:54:48,user_61594_threads_cleaned,"Across the articles, the user's language leans towards negativity, marked by skepticism, concerns about security threats (""Staatstrojaner""), and criticism of political figures.  The use of terms like ""Blödsinn"" and expressing worries about political manipulation contributes to a generally negative tone.  While the negativity isn't extreme, it's a recurring pattern across different articles and topics, indicating a slightly negative emotional disposition overall.",Slightly Negative,"The user displays low engagement with the article content. They post short, declarative comments that do not invite further discussion.  They appear to be using the comment section more for expressing personal opinions rather than engaging with other users or the topic in a meaningful way. There's a pattern of raising concerns about ""Staatstrojaner"" across different articles, suggesting a fixed idea or preoccupation rather than active engagement with the respective article topics.",Disengaged,"While the user expresses skepticism (""Blödsinn"") and concern (""Staatstrojaner""), the language doesn't escalate to strong negativity or personal attacks.  Their comments are more suggestive of distrust or suspicion rather than outright hostility. The comments about Trump and Putin also carry a negative undertone but remain within the realm of expressing political opinion rather than intensely polarized language.  The neutrality arises from the lack of explicitly positive sentiments expressed in any of the comments analyzed across multiple articles.",Neutral to Negative,"The user seeks to understand how things work and how they affect them directly (e.g., concerns about ""Staatstrojaner"" and Windows updates).  They also exhibit a desire to take action, albeit indirectly through expressing concerns in comments, hoping to influence or warn others. The lack of engagement in deeper discussions suggests a preference for expressing opinions rather than seeking extensive knowledge or different perspectives. The topics they choose, relating to security and politics, highlight the practical implications of these issues for their lives.",0,1,0,1,0,1,0,0,0,0,0,1
2024-09-26 12:55:20,user_691769_threads_cleaned,"Ludovika's communication style often incorporates sarcasm and cynicism.  Phrases like ""Deshalb nehme ich nur noch mein Privatflugzeug :-) "" and ""Die Theorien des Herrn Professors sind Schall und Rausch. :-) "" exemplify this.  Her comments on the climate change article, where she downplays the role of individual actions, also carry a cynical tone.  This suggests a generally skeptical or critical emotional stance.",Sarcastic/Cynical,"Ludovika comments across a variety of articles, demonstrating a broad range of interests.  From politics and economics to lifestyle and science, she actively participates in discussions. The frequency of her comments, sometimes multiple within the same article, further suggests a high level of engagement with the platform and the news topics presented.",Highly Engaged,"Ludovika frequently expresses opinions that challenge or contradict the main narrative of the articles.  For example, in the climate change article, she downplays the impact of veganism and suggests that having children is the primary environmental concern. In the article about electric cars, she highlights the drawbacks despite the overall positive tone of the piece. This pattern of counter-argumentation suggests a contrarian perspective.",Contrarian,"Ludovika's comments often provide factual information and corrections, indicating a desire for accuracy and knowledge-sharing. She engages in debates and offers alternative viewpoints, suggesting a need for understanding complex issues from multiple angles. Her comments sometimes contain practical tips (private plane, etc.) suggesting an action-oriented approach.",1,1,0,1,0,0,1,1,0,0,0,0
2024-09-26 12:55:54,user_576336_threads_cleaned,"MedAustria's language often carries a critical or skeptical tone, suggesting a slightly negative emotional valence. The user challenges other commenters, points out inconsistencies, and questions motives. This critical perspective, combined with frequent use of words like ""pfui"", ""böser"", ""widerlich"", and expressions of concern about political manipulation, suggests a degree of underlying negativity or frustration. However, MedAustria's negative valence does not manifest as explicit anger or hostility, but rather as a critical and concerned engagement with the news.",Slightly negative,"MedAustria actively participates in discussions across diverse topics, demonstrating a willingness to engage with others' viewpoints.  The user directly responds to other comments, often posing questions or offering counterarguments. This suggests an active interest in the ongoing conversations and a desire to contribute to the discourse.",Engaged,"While MedAustria expresses strong opinions on certain issues (e.g., religious feelings, political actions), the user's overall engagement doesn't exhibit a consistently polarized stance.  MedAustria participates in discussions across the political spectrum, criticizing both left and right political figures and actions.  This suggests a more nuanced approach to political discourse rather than a rigidly polarized viewpoint. The user also intervenes to point out inappropriate comments, such as body shaming, indicating a focus on maintaining respectful dialogue.",Neutral,"MedAustria's comments indicate a desire to understand and analyze the news and the political context behind it. The user frequently questions others' assumptions, interpretations, and logic, pushing for greater clarity and nuance. MedAustria also displays a motivation to 'do' something, whether to offer solutions, take a moral stance or encourage informed political actions, even expressing a desire for a unified European foreign policy.",0,1,0,1,0,0,1,1,0,0,0,0
2024-09-26 12:56:29,user_155651_threads_cleaned,"Many of 'm-s'' comments express negative sentiments.  They use terms like ""genieren"" (embarrassing) and criticize political figures.  Their sarcasm and challenging replies to other users also contribute to a negative tone. Even when expressing a positive sentiment, like respect for vegetarianism, it's followed by a critical question. While expressing joy after the Strache scandal, the overall pattern of their comments leans towards negativity.",Negative,"The user 'm-s' actively participates in discussions across diverse topics, demonstrating a consistent pattern of engagement. They initiate conversations and respond to others, indicating an interest in the subject matter.  While their comment length varies, their involvement in multiple threads suggests sustained engagement with the news platform.",Engaged,"The user 'm-s' expresses strong opinions on political figures and events, sometimes using sarcastic or critical language. Examples include their comments on the FPÖ politician, Trump, and the Ibiza video. Their replies to other users also show a tendency to directly challenge opposing viewpoints, indicating a polarized stance. However, their comment about respecting vegetarianism, albeit questioning its presentation, suggests some nuance in their views.  Overall, the combination of strong opinions and direct challenges to other users points towards a polarized communication style.",polarized,"The user 'm-s' seems primarily driven by a need to understand the world around them, particularly the political landscape. They frequently offer explanations or interpretations of events, like attributing Trump's actions to a need for distraction.  Additionally, their comments often express a desire for action or change, as seen in their stance against gun ownership and support for holding politicians accountable. They want to share information with the other user and thus provide education, but also make a call to action and convince the other users to do something. Thus, the user wants to do more than to passively observe news.  This combination suggests a user motivated by both understanding and taking action related to societal issues.",0,1,0,1,0,0,1,1,0,0,1,0
2024-09-26 12:57:04,user_553927_threads_cleaned,"While 'PonyHütchen' maintains a neutral tone, there's a subtle positive valence in their engagement.  Their replies often offer helpful context or explanations, indicating a willingness to contribute constructively to the conversation. This is not overtly positive or enthusiastic but suggests a slightly positive engagement with the topics and other users. For example, providing factual information about Kim Kardashian's surrogate or defending the historical figure's marriage choice shows a positive approach towards providing context and understanding. This slightly positive valence, combined with the neutral polarization, suggests an overall constructive and helpful communication style.",Slightly positive,"The user 'PonyHütchen' actively participates in discussions across diverse topics, offering counterpoints and engaging with other users. However, the replies don't escalate into heated exchanges.  This suggests an 'Onlooker' engagement level, where the user is involved but not overly invested in any single discussion. The user doesn't initiate new threads but responds to existing ones, furthering the conversation without taking a strong emotional stance. This behavior is consistent across different article categories, from social issues to celebrity news, indicating a general pattern of interaction rather than topic-specific engagement.",Onlooker,"The user 'PonyHütchen' maintains a neutral stance in their replies.  In the first example, they respond to a comment about homelessness affecting men by pointing out that the article focuses on women.  In the second example, they question why marrying an older, wealthy man would make a historical figure unsympathetic. In the third example, they provide a factual explanation for a celebrity using a surrogate. In each case, 'PonyHütchen' offers a different perspective or information without expressing strong opinions or judgment.  This consistent neutrality across different topics suggests a general tendency towards balanced and objective communication.",Neutral,"The user 'PonyHütchen' demonstrates a need for understanding and clarification. They often respond to comments by offering alternative perspectives or factual information, suggesting a desire to ensure accuracy and promote a more nuanced understanding of the topic. In the first example, they clarify the focus of the article. In the second, they challenge a judgmental comment, and in the third, they provide context. This pattern suggests that 'PonyHütchen' is motivated by a need to understand and share information, rather than express strong personal opinions or engage in emotional debates.",0,1,0,0,0,0,1,1,0,0,0,0
2024-09-26 12:57:47,user_501118_threads_cleaned,"UserohneNamen’s comments exhibit a predominantly negative tone through frequent use of sarcasm, cynicism, and dismissiveness.  Phrases like ""Wahnsinn was hier abgeht,"" ""Echt peinlich, was manche hier posten,"" and sarcastic remarks such as ""Super freu mich schon auf Schwarz/Rot"" and about the sport minister all contribute to the negatively charged atmosphere in the posts.  The comments generally focus on perceived misconduct, incompetence, or conspiracies, further adding to the overall negative valence.  Even when offering alternative perspectives, they’re delivered with skepticism or mockery, suggesting a pessimistic view of the situation. The negativity isn’t directed at any particular individual or group consistently but appears as a broad expression of discontent or disapproval.",Negative,"UserohneNamen comments across multiple articles related to political events and figures. In some instances, they share links or information (e.g., Haverbeck interview, Sellner's YouTube channel). However, there's a recurring pattern of dismissive comments like ""No Comment"" or brief, sarcastic remarks.  While the user sometimes engages in longer comments, these often express skepticism or cynicism towards the reported events or the individuals involved, suggesting a degree of disengagement with mainstream narratives.  Additionally, UserohneNamen’s frequent focus on alleged conspiracies or procedural irregularities points to a possible frustration with, or perhaps disengagement from, established political processes. The focus on alleged conspiracies also demonstrates distrust towards established media and political processes. They show skepticism regarding the involvement of individuals like Sellner in the Christchurch attack and question the validity of investigations and reporting. Consistent participation across articles related to the same broad political context, yet often dismissing or minimizing the significance of the reported issues, suggest more of a disengaged than an actively engaged stance. Sarcasm is often used to express this disengagement.",Disengaged,"While the user expresses strong opinions, they don't consistently align with a single, clearly defined political pole.  Their comments criticize various actors, including those perceived as left-leaning (criticizing alleged ""KGB/Stasi methods"") and right-leaning (questioning Sellner's innocence).  UserohneNamen appears to hold a contrarian perspective, questioning the narratives presented in the articles and offering alternative interpretations, rather than expressing staunch support for one side or the other. The sarcasm and dismissiveness could be interpreted as indicative of some level of polarization, yet, the targets are diverse. The user doesn’t display loyalty to one cause or idea, but picks up different arguments depending on the issue at hand.",Neutral,"The user seeks to understand the events surrounding the individuals and situations mentioned in the articles. UserohneNamen challenges media representation by sharing external links and positing alternative explanations. This indicates a need for deeper, more comprehensive information to build personal understanding. Furthermore, UserohneNamen appears motivated to influence the perspective of others, sharing insights and engaging in debate to challenge presented viewpoints, potentially addressing a need for active participation and discourse shaping. Comments like ""Tip an die Gesinnungsposter"" or responses to comments like “er hat es gespendet…”, “Bei dem Artikel geht es um Parteispenden von Haselsteiner” aim at correcting others and offering a different viewpoint, which demonstrates a need to influence and correct perceived misinformation. Their urge to understand could be related to confirmation of already existing beliefs, but information is still requested.",0,1,0,1,0,0,1,1,0,0,0,0
2024-09-26 12:58:28,user_553917_threads_cleaned,"The overall tone of JackD's comments is predominantly negative. The user frequently expresses cynicism, anger, and disapproval towards a wide range of topics and individuals. Examples of this negativity include blaming victims of bullying, dismissing concerns about climate change, and defending political figures accused of wrongdoing. Even when discussing personal experiences, such as in comments about the hospitality industry, the user focuses on negative aspects and complaints. This consistent negativity suggests a pessimistic worldview and a tendency to focus on the negative aspects of situations.",Negative,"User JackD's comments across multiple articles reveal a pattern of disengagement with constructive dialogue.  While commenting on a variety of topics, from politics to social issues, the user often resorts to generalizations, personal attacks, and dismissive language, rather than engaging with the substance of the articles or other commenters' perspectives. For instance, in discussions about climate change, the user labels those concerned as ""Klimajünger"" and dismisses the issue as ""Quatsch.""  Similarly, in conversations about social inequality, the user resorts to blaming the victims, such as suggesting that those who are bullied are ""Weicheier"" who ""deserve"" it.  These patterns indicate a disinterest in genuine discussion or understanding different viewpoints, suggesting a disengaged approach to online discourse.",Disengaged,"JackD consistently exhibits highly polarized views. The language used is often strong, charged, and dismissive of opposing viewpoints.  For example, in discussions about the FPÖ (Freedom Party of Austria), the user expresses unwavering support, even in the face of accusations of plagiarism and corruption, attributing criticism to ""Verschwörungstheorien"" and ""Hetzjagden.""  Conversely, the user shows strong animosity towards those with differing political views, labeling them as ""Nörgler"" or ""Jammerer."" This pattern of staunchly defending one side while aggressively attacking the other demonstrates a highly polarized perspective.  Even in discussions about seemingly less political topics, such as bullying or the hospitality industry, the user's comments reveal a rigid and divisive worldview, often framing issues in terms of ""strong vs. weak"" or ""deserving vs. undeserving."" This tendency to see the world in black and white terms further supports the classification of highly polarized.",Highly Polarized,"JackD's comments appear primarily driven by the need to express strong emotions, particularly anger and frustration.  The user frequently uses emotionally charged language, personal attacks, and generalizations to convey these feelings.  There is less emphasis on seeking information, understanding different perspectives, or engaging in constructive problem-solving. This suggests that the primary motivation behind the comments is emotional expression rather than a genuine desire to learn or connect with others.",0,0,1,0,1,0,0,0,0,0,0,0
2024-09-26 12:59:10,user_561538_threads_cleaned,"The user's initial comments about ""Game of Thrones"" express excitement and anticipation, suggesting a positive emotional valence.  However, as the season progresses, their sentiment shifts towards disappointment and sadness, indicating a negative valence.  This shift is evident in the comment where they describe feeling ""traurig"" (sad) and finding the series ""lächerlich"" (ridiculous). This change suggests that their emotional experience of the show was significantly impacted by the perceived decline in quality.  In other contexts, like the sports article, their comments maintain a consistently positive valence, reflecting their support for their team.  This contrast further highlights the context-dependent nature of their emotional responses, and specifically how highly invested they are in particular series, and how it can affect their emotional state, when their expectation are not met.","Initially Positive, Shifting to Negative","The user 'dosen_öffner' demonstrates high engagement across multiple articles, particularly those related to the TV series ""Game of Thrones."" They actively participate in discussions, expressing strong opinions and emotions about the show's plot and characters.  Their comments range from excitement and anticipation to disappointment and sadness, indicating a deep emotional investment.  The length and detail of some comments, especially the one expressing sadness about the final season, further emphasize their engagement.  Additionally, they interact with other users, responding to their comments and even expressing affection for a fellow commenter.  While they also comment on other topics like sports and politics, their most passionate and engaged contributions revolve around ""Game of Thrones."" This suggests a strong interest in entertainment and storytelling.",Highly Engaged,"The user's comments show a mixed level of polarization.  In the ""Game of Thrones"" discussions, there is a clear shift from positive to negative sentiment as the season progresses, indicating a negative polarization towards the later episodes.  They express strong criticism of the plot and character development.  However, in other contexts, like the sports article about Wacker Innsbruck, their comments are supportive and positive.  They express encouragement and affection for another user ('Radogoal'), showing positive polarization in this instance.  Finally, in articles on other topics, their comments remain neutral and observational, demonstrating less polarization compared to the entertainment context. This suggests that their polarization is highly context-dependent, driven by their personal investment and expectations, especially regarding entertainment.",Mixed Polarization,"The user seems to have several needs met by commenting.  Regarding ""Game of Thrones,"" they express strong emotions, including excitement, disappointment, and sadness. This suggests a need to express feelings and connect with others who share similar experiences (Feeling).  Their comments also display an attempt to understand the narrative choices made in the series and their impact. Their questions and critiques suggest a need to make sense of the story (Understanding).  In the sports article, their comments are more focused on supporting their team and expressing camaraderie with other fans. This relates to a need for connection and belonging (Feeling). In less invested contexts, like the news articles on local events, they share neutral observations, possibly fulfilling a need to keep informed (Understanding) or participate in public discourse.  Overall, their primary need seems to revolve around emotional expression and sense-making, especially in the context of entertainment media.",0,1,1,0,1,0,0,0,1,0,1,0
2024-09-26 12:59:52,user_108945_threads_cleaned,"Overall, kidtricky's comments express a slightly negative valence.  While not overtly negative, there are recurring instances of criticism, sarcasm, and dismissiveness.  Their disappointment with 'Game of Thrones,' the curt replies, and the dismissive comment about the Life Ball all contribute to a slightly negative tone.  However, their active participation and willingness to share personal experiences suggest a balance of negativity with a desire for connection and understanding.",Slightly Negative,"User kidtricky actively participates in discussions across diverse topics, demonstrating high engagement.  They initiate conversations and readily reply to others, showing an eagerness to share their opinions and knowledge.  For example, in the 'Sneaker-Tipps' article, they offer advice on sneakers and reminisce about the re-release of 'Jogging High'.  In the 'Öffi-Momente' article, they share personal anecdotes and celebrity sightings, adding to the conversational flow.  Their engagement extends to discussions about 'Game of Thrones,' where they provide plot details, correct others, and express opinions on character development.  Even in politically charged articles like the one on the FPÖ politician, they participate, albeit with a brief 'No Comment.'  This range of participation suggests an active and engaged user.",Highly Engaged,"kidtricky's comments overall lean towards a neutral to slightly negative polarization.  While they engage in positive interactions like sharing anecdotes or offering advice, there's a subtle undercurrent of negativity in some comments.  For example, their frustration with the writing in 'Game of Thrones' is apparent in multiple articles related to the show.  Their response to the Life Ball cancellation ('Bauernstrampel') displays a dismissive tone.  Similarly, their replies like 'nau sicher' and 'und?' appear curt and somewhat dismissive.  This blend of engagement with occasional negativity suggests a nuanced emotional expression.",Neutral to Slightly Negative,"kidtricky's comments reveal a desire to understand and share information, particularly in areas of personal interest like 'Game of Thrones' or music.  They correct misinformation, offer insights, and ask for recommendations, suggesting a need for understanding and knowledge sharing.  Their anecdotes and emotional responses to events (e.g., 'Game of Thrones' plot) show a need to express feelings and connect with others on a shared emotional level.  By actively participating in discussions and offering advice, they demonstrate a need to contribute to the conversation and influence others' perspectives.",0,1,1,1,1,0,1,1,0,0,1,0
2024-09-26 13:00:27,user_118399_threads_cleaned,"Eva roxi's comments predominantly express negative sentiment.  The criticisms of consumerism, political stances, and societal issues are frequently framed with sarcasm, frustration, and concern.  The user rarely explicitly states positive sentiments, and even seemingly neutral comments often carry an underlying tone of negativity.  Comments about ""war on the streets"" and ""illusions of software vendors"" further underscore this prevalent negative valence.",Negative,"User eva roxi (ID: 118399) actively participates in discussions across diverse topics, demonstrating consistent engagement.  From lifestyle and social issues to politics and technology, eva roxi comments frequently and directly, suggesting an active interest in current events. The user often replies directly to others, and initiates new threads of conversation. While brief comments with ""No comment"" are standard replies, the majority of her/his engagement involves unique comments which suggest she is formulating her own ideas and opinions, sharing them in multiple articles and threads, and is therefore invested in the conversations.",Engaged,"Eva roxi expresses strong opinions, often critical of societal issues.  The comments regarding expensive bicycles and the Thermomix hint at a critique of consumerism.  Similarly, comments on political figures and events, particularly those concerning the FPÖ and US foreign policy, reveal a distinct political stance. This polarization is evident in the strong wording used, such as ""Krieg"" (war) to describe road conditions, and sarcastically referencing the ""democratic Saxon police.""  The criticisms levied and strong language deployed in framing discussions suggest polarized perspectives.",polarized,"Eva roxi's comments indicate a need to understand societal dynamics and express feelings about perceived injustices.  Her comments are more than observations—they often offer critical analysis or express dissatisfaction with various societal and political issues. Comments such as ""Zurück ins Mittelalter!"" (Back to the Middle Ages!) and sarcastic remarks about politicians and consumerism suggest frustration and a desire for action or change.  The comments and replies often offer a suggestion of how things should be instead, or challenge the reader to consider an alternative, which hints at a desire for ""Doing"" something to alter the current state of affairs.. This suggests that the user seeks not only to understand the world but also to engage with it emotionally and perhaps inspire action.",0,1,1,1,0,0,0,1,0,0,1,0
2024-09-26 13:01:04,user_181743_threads_cleaned,"Munin's comments, while mostly neutral in tone, occasionally lean towards a slightly negative valence.  Phrases like ""Das scheint mir bei diesem Produkt nun nicht sooooo großartig..."" and the skepticism expressed towards the Strabag's denial indicate a tendency towards critical assessment, which may come across as slightly negative. Further, the expressed 'Schadenfreude' (malicious joy), even if acknowledged as such, inherently carries a negative connotation. While not overtly negative, these nuances suggest a cautious or skeptical outlook in their interactions, hinting at an underlying slightly negative emotional valence.  However, the overall valence remains close to neutral, as the negativity is primarily directed towards specific situations or claims rather than general negativity.",Slightly negative,"The user 'Munin' actively participates in discussions across diverse articles, demonstrating an engaged stance. Their comments often express opinions, challenge statements, or seek further information, rather than simply observing. This active participation suggests a certain level of interest and involvement in the topics discussed.  Notably, their comments are not limited to a single article, showcasing engagement in the broader media. The questions or comments, particularly 'Weil?' (Why?), and challenges or expressions of incredulity such as 'Seltsam' (Strange), indicate active thinking and a desire to understand the information presented fully.",Engaged,"While 'Munin' expresses clear opinions, their comments do not exhibit strong emotional polarization. They critically assess information, question narratives, and express skepticism, but their language remains predominantly neutral. Although skepticism is present, it appears to be driven by a desire for accuracy and understanding, rather than strong negative emotions.  There's a discernible focus on facts and clarification, like questioning the significance of ""2000 customers"" or the Strabag's denial.  Even the expression of schadenfreude regarding a political figure is tempered with self-awareness (""An meiner Schadenfreude ändert das aber nichts..."").  This suggests a neutral stance overall, tempered by critical thinking and moderate skepticism.",Neutral,"Munin's comments consistently reveal a need for knowledge and understanding. They ask clarifying questions like ""Weil?"" (Why?), express skepticism towards claims they find dubious, and seek further information to form informed opinions. Their engagement across various articles indicates a proactive approach to gathering information and understanding different perspectives. This behavior suggests that 'Munin' primarily seeks to be informed and gain a comprehensive understanding of the discussed topics.  They don't just accept information passively but critically evaluate it, highlighting a need for genuine understanding beyond surface-level narratives. This also includes questioning statements made by journalists, indicating an active media literacy and a desire for transparent information. It does not display an explicit need to be inspired or entertained as much as a need to know and make sense of information.",1,1,0,0,0,1,1,1,0,0,0,0
2024-09-26 13:01:46,user_30537_threads_cleaned,"The user frequently expresses frustration, anger, and disapproval in their comments.  Their criticism of the government is often harsh and sarcastic, indicating a negative emotional response to the current political climate.  While they do occasionally employ humor and wit, the overall tone of their engagement is negative, marked by a sense of concern and pessimism about the future of Austria and Europe.",Negative,"The user 'Burn_after_Reading' demonstrates consistent engagement across a wide range of political and social topics.  They actively participate in discussions, often replying to other users and initiating new threads. Their comments frequently offer detailed analyses, referencing historical events, political figures, and relevant literature (e.g., Canetti's ""Masse und Macht"").  The length and depth of their comments suggest significant investment in the issues discussed. Additionally, their engagement spans multiple articles, indicating a sustained interest in current events.",Highly Engaged,"The user expresses strong opinions on political matters, consistently criticizing the current Austrian government and the FPÖ.  They frequently use strong language and sarcasm to express disapproval, referring to government figures as 'chaoten,' 'Propagandacamarilla,' and 'Blender.'  Their comments often frame political issues in stark terms, portraying a struggle between 'liberal democracy' and 'the extreme right.' This polarized stance is evident in their engagement with other users, especially those expressing opposing views, often leading to direct rebuttals and challenges.",Strongly Polarized,"The user's primary need appears to be to understand the political landscape and the implications of current events. They seek to analyze situations, provide context, and offer their own interpretations.  This drive for understanding is complemented by a desire to 'do' something, albeit indirectly through participation in the online forum. Their comments often call for action, such as challenging traditional views, demanding transparency from the government, and advocating for specific policies.  This suggests a user motivated by both intellectual curiosity and a desire for societal improvement.",0,1,0,1,0,0,1,1,0,0,0,0
2024-09-26 13:02:25,user_557390_threads_cleaned,"Munz1's comments, while analytical, carry a slightly negative undertone due to the repeated expressions of cynicism and frustration with the political landscape. Phrases such as ""naserümpfend herabblickt"", ""Korruption und Verkauf der Heimat in Kauf"", ""hochnäsige Moralisten"" suggest a critical and somewhat pessimistic view of the political situation. This negativity is further underscored by the user's prediction that it is ""Vermutlich ist es eh schon zu spät ..."" to address the political issues they identify.",Slightly Negative,"Munz1's comments show a consistent focus on the political dynamics at play rather than personal emotional expression.  The user primarily analyzes party strategies, voter motivations, and the likely outcomes of political maneuvers.  While there are hints of frustration with certain political actors (e.g., ""naserümpfend herabblickt"" when discussing attitudes towards FPÖ voters), these are presented as observations within a larger political analysis, not as expressions of personal emotional distress.  The user's replies to other commenters are concise and focused on specific points of disagreement, again suggesting a primarily analytical and disengaged emotional stance.",Disengaged,"Munz1 primarily comments on political processes, and consistently expresses disdain towards both traditional political parties (SPÖ and ÖVP) for ignoring the concerns of working-class voters, as well as towards ""elites"" and ""moralists"" that he believes look down upon them. The user suggests that working class voters choose parties that represent their interests, even if it means accepting flaws like corruption or other negative attributes. His comments don't exhibit a clear emotional polarization for or against any particular political stance, and most of his statements don't go far beyond expressing political cynicism and contempt for ""elites"" and those that don't understand the ""common man"" and the motives of ""right-wing populists"".  ",Neutral,Munz1's primary focus is on understanding the motivations and behaviors of different political actors and voter groups.  The user seeks to explain the political landscape by analyzing the underlying interests and dynamics at play. The user's comments often offer explanations for the behavior of political parties and voters (e.g. explaining the appeal of the FPÖ to certain demographics).,0,1,0,0,0,0,0,1,0,0,0,0
2024-09-26 13:03:04,user_519963_threads_cleaned,"Overall, there's a slightly negative undercurrent in some of the comments, especially in relation to political discussions. Phrases like ""wirklich ärgert"" and ""ganz ganz schwach"" suggest a sense of frustration or disapproval. Additionally, comments on the 'Game of Thrones' finale, ""Die ganze Staffel war einfach viel zu zack, zack, zack,"" indicate disappointment. The comments relating to football clubs do not indicate any particular negative emotions. Rather, it indicates reasoned opinions that contrast others. Despite this, the majority of the user's interactions are focused on providing context and information, suggesting a desire for constructive discussion rather than simply expressing negativity. Given there are no highly charged statements, this is more indicative of a slightly negative feeling rather than pure negativity. It is important to highlight the slightly negative sentiment appears to be predominantly focused on political discussions rather than sports or cultural topics.",Slightly negative,"The user 'exo3000' actively participates in discussions across diverse topics, demonstrating a consistent engagement pattern.  They reply to others' comments, initiate new threads, and express opinions on subjects ranging from sports to politics and entertainment. The replies are often detailed, showing that the user invests time in formulating the responses. This sustained engagement across multiple articles suggests an active interest in current events and online discussions.",Engaged,"While 'exo3000' expresses clear opinions, the language used doesn't indicate strong emotional polarization.  For example, in discussions about football clubs or political figures, the user presents arguments and counter-arguments without resorting to overly aggressive or emotionally charged language. Even when disagreeing with others, the tone remains relatively measured and objective.  The comments about political figures show more of an analytical approach rather than personal dislike.  There's an instance of sarcasm, ""Wenn da nicht Sebastian Underwood Kurz seine Finger im Spiel hat,"" but this comes across as more political commentary than personal vitriol. While the user may lean towards specific viewpoints, the communication style is primarily informational rather than emotionally polarized. There's also a sense of self-awareness with a comment such as: ""Auf der anderen Seite habe ich im Vorhinein auch Witze über H. Ledger als Joker gemacht und ich wurde eines besseren belehrt."" This shows an openness to changing perspectives based on observed outcomes. This points towards a degree of impartiality, despite having strong opinions.",Neutral,"The user's comments frequently seek to understand events and situations, particularly in political and sports contexts. Questions like ""Gute Frage. War aber bei Strasser ja auch so."" suggest a desire for clarification and further information. Additionally, there's a drive to contribute to the discussion by offering opinions and counter-arguments, such as: ""Die SPÖ ist seit knapp zwei Jahren in der Opposition, aber mehr als ""Kurz und Kickel sind schei***"" haben sie nicht zustande gebracht."" This reveals a need to share perspectives and engage in debate, which implies a 'doing' aspect of commenting and trying to shape the narrative.",0,1,0,1,0,0,1,1,0,0,0,0
2024-09-26 13:03:46,user_588899_threads_cleaned,"The user's comments often express mild negativity or frustration, such as disappointment with the lack of support for certain sports or the dominance of right-wing political discourse. They also comment critically on societal issues such as childhood obesity, showing a concern for potential problems. The example with impaired growth due to chronic oversleeping might appear negative, but the smiley softens the statement and hints at self-deprecating humor.  However, there are also positive undertones in their communication. They engage constructively in discussions, offer practical solutions, and share personal anecdotes with a touch of humor. Their interest in various topics and their willingness to connect with others contribute to a generally balanced tone. Their replies generally exhibit neutrality by offering alternative perspectives and facts. This does not indicate a strong emotional charge, neither positive nor negative.",Slightly negative with positive undertones,"User ""born2sail"" demonstrates consistent engagement across diverse topics. They initiate discussions and respond to others, indicating an active interest in the subjects.  Their comments often provide additional information or personal anecdotes, suggesting a desire to share knowledge and connect with other users. For instance, their comment on veganism relates it to childhood obesity, broadening the discussion. Similarly, their comments on political topics show an attempt to analyze the situation and offer solutions, suggesting active participation in the discourse.  The user's engagement is further evidenced by their replies to other comments, such as their explanation of journalistic source protection in the Ibiza-video discussion.  Even in shorter comments, like the one about roof color and heat, they offer practical solutions, indicating a proactive engagement with the topic.  Their comments regarding Austrian politics showcase a critical analysis of party strategies and voter behavior, indicating consistent engagement. Even when discussing more personal experiences, such as the impact of chronic fatigue on growth, they invite interaction with a touch of humor.  Their recall of specific professors and intention to write a thesis with one of them during a discussion about a hypothetical transitional government showcases personal engagement and an interest in the topic of education.",Engaged,"The user expresses opinions on a variety of potentially polarizing topics like veganism, politics, and the Ibiza-video scandal. However, their language remains mostly measured and respectful. While they clearly have strong opinions, they generally avoid aggressive or inflammatory rhetoric. They often present their views as questions or observations, inviting discussion rather than confrontation. For example, in the veganism discussion, they raise a question about societal standards for child nutrition, promoting reflection rather than taking a hard stance. In political discussions, they analyze party strategies and voter behavior, but refrain from personal attacks or overly emotional language.  Even when expressing frustration, such as with the lack of support for certain sports, they focus on the issue rather than resorting to blame.  Their comments on the Ibiza-video scandal discuss journalistic ethics and legal gray areas, demonstrating a nuanced perspective rather than a polarized one.  Overall, while the user engages with sensitive issues, they maintain a moderate tone and demonstrate an openness to different viewpoints.",Moderate,"The user ""born2sail"" demonstrates a need for understanding through their comments seeking clarification and explanation, such as their question about journalist Fritz Hausjell.  They express a need for knowledge by sharing information and personal anecdotes across various topics, indicating a desire to inform and learn. This is evident in their comments on topics like carbon fiber manufacturing, political strategies, and the impact of sleep patterns on growth.  Furthermore, they display a need for doing by suggesting practical solutions to problems, such as proposing white roofs to combat urban heat, reflecting a proactive approach to societal challenges.",1,1,0,1,0,0,1,1,0,0,1,0
2024-09-26 13:04:19,user_684914_threads_cleaned,"Wienerbatzi's comments generally carry a slightly negative tone.  They express frustration with political discourse, skepticism of certain parties, and concern about the future. Their language, such as ""selten Dämmlichste Markenname,"" ""anstrengend,"" and ""idiotisch,""  reveals underlying negativity, even when expressing agreement or offering alternative perspectives. While they do not exhibit strong negativity, the overall sentiment leans towards dissatisfaction.",Slightly negative,"Wienerbatzi's comments show a pattern of reactive engagement.  They frequently respond to other users, often disagreeing or correcting them. While they express opinions, these are often brief and lack depth.  They mention not voting for the RFS despite agreeing with them on one point, and quickly dismiss opposing viewpoints. The lack of sustained engagement and the superficiality of their arguments suggest disengagement rather than passionate involvement.",Disengaged,"Wienerbatzi expresses clear political preferences, leaning towards ÖVP and Neos, and strongly against SPÖ and FPÖ.  However, their language, while critical, isn't excessively inflammatory. They express skepticism towards the current political climate but don't exhibit extreme negativity or hatred.  They value political stability and criticize actions they perceive as destabilizing. Overall, their views are presented within the bounds of typical political discourse, suggesting neutral polarization.",Neutral,"Wienerbatzi seeks to understand the political landscape and its implications, as seen by their comments on various political topics and their stated preference for a candidate accepted by all parties.  They demonstrate a need for ""doing"" by expressing voting intentions and criticizing what they would do differently.  Their focus is on practical solutions and desired political outcomes.",0,1,0,1,0,1,0,1,0,0,0,0
2024-09-26 13:04:54,user_500259_threads_cleaned,"While not consistently negative, the overall tone of 'mp73’s' comments leans towards skepticism and criticism.  The user often expresses concern and frustration about political and economic issues, sometimes using sarcasm or humor to convey their dissatisfaction.  Even in less serious discussions, like those about TV shows or personal experiences, a pragmatic or critical undertone can be detected.  However, the comments also express glimpses of more positive sentiments, such as appreciation for certain cultural elements or technological advancements.  Overall, the user's emotional expression is nuanced and context-dependent, but tends to be tinged with critical observation and concern about prevailing societal trends.",somewhat negative,"The user 'mp73' actively participates in discussions across a variety of topics, demonstrating a high level of engagement. From political commentary to cultural observations and tech-related inquiries, the user initiates conversations and responds to others, suggesting a genuine interest in staying informed and sharing their perspectives.  The comments are often concise and pointed, and sometimes incorporate humor or sarcasm. This active participation across diverse themes indicates a proactive approach to engaging with news content and online discussions.",highly engaged,"User 'mp73' expresses strong opinions, often critical of the political and economic landscape.  Recurring themes include skepticism towards government policies, concerns about economic inequality, and anxieties about job security. These views are often stated pointedly and with conviction, suggesting a firm stance on these issues.  The user's comments on political figures and parties reveal a critical perspective, particularly towards certain political ideologies, which indicates a degree of polarization in their viewpoints.  While not overtly aggressive, the strong opinions expressed suggest a clear and defined political and socio-economic perspective.",polarized,"The user 'mp73' seeks to understand the complexities of current events, particularly those related to politics, economics, and societal trends. They participate in discussions to share their perspective and engage with other users, suggesting a need to express their opinions and contribute to public discourse. The comments often include critical analysis of events and policies, indicating a desire to influence or encourage action by prompting awareness and discussion. The proactive engagement in a variety of topics suggests a broader motivation to stay informed and involved in societal issues.",0,1,0,1,0,0,1,1,0,0,1,0
2024-09-26 13:05:30,user_84688_threads_cleaned,"Across the provided comments, Herr Anders predominantly expresses negative sentiment, marked by criticism, sarcasm, and disapproval, especially towards certain political figures and events. Comments like ""debil"" and ""Auf Kurz reimt sich Furz..."" exemplify the often harsh and derogatory language used.  The critical tone towards specific political figures, along with the expression of concern and frustration regarding political events, further underscores the generally negative valence.",negative,"User Herr Anders actively participates in discussions across various political and social topics, demonstrating consistent engagement. The user replies to others, initiates new threads, and expresses strong opinions.  The language used, while sometimes sarcastic or critical, suggests an ongoing interest in current events and a desire to share their perspective. The pattern of comments across articles further supports an engaged user.",Engaged,"Herr Anders expresses strong, often critical opinions about political figures and events, particularly those involving the FPÖ and Sebastian Kurz. This is evident in comments like ""Gratulation an alle großkopferten Populisten..."" and ""Kurz sollte mal nach den eigenen Leichen im Keller schauen..."" The sarcastic tone and pointed questions in many comments clearly reveal a negative sentiment towards certain political actors and their actions. The replies to other users' comments often involve challenging their viewpoints, which can be indicative of polarized opinions. The user's focus on specific political topics, evident from the article selection, indicates this user is quite polarized towards the political parties. The combination of strong opinions, critical language, and frequent engagement in political discussions indicates a polarized stance. However, other non-political comments, such as ""Dann kommt auch bald das Personal Pricing..."", suggests a broader range of interests.",polarized,"Herr Anders seeks to understand the political landscape and the motivations of political actors. Questions like ""Warum wohl?"" and ""Und wann wird jetzt eigentlich...Verfahren eröffnet?"" reflect a desire to comprehend the underlying reasons behind political decisions and actions. Additionally, the user expresses a need to act, or at least to advocate for action, against perceived injustice or wrongdoing. Comments like ""Da könnte die FPÖ jetzt ein echtes Zeichen setzen..."" suggest a desire to see change and hold political figures accountable. This combination of seeking understanding and advocating for action suggests a user driven by a need for both intellectual and social impact.",0,1,0,1,0,0,1,1,0,0,1,0
2024-09-26 13:06:09,user_690907_threads_cleaned,"Bibi19's language frequently reflects negative emotions.  The user expresses shame, disappointment, and criticism towards specific political figures and parties. Terms like ""beschämend,"" ""enttäuscht,"" ""gescheiterten,"" and ""Spaltung der Gesellschaft"" all carry a negative connotation.  The user's focus on negative aspects of current events and their critical tone suggest an overall negative emotional valence.",Negative,"Bibi19 actively participates in discussions across diverse articles, demonstrating a sustained interest in current events.  Their comments are often replies to others, indicating an engagement with other users' viewpoints and a willingness to contribute to ongoing conversations.  This behavior suggests an active interest in the topics discussed.",Engaged,"Bibi19 expresses strong opinions on political figures and events, particularly criticizing the actions and character of Sebastian Kurz and the ÖVP-FPÖ coalition.  Phrases like ""Ich schäme mich zutiefst für diese Regierungsvertreter"" and ""Oberdolm"" reveal a negative sentiment and disapproval. These pointed remarks, combined with the user's participation in discussions on related political topics, suggest a polarized stance.",polarized,"Bibi19 seeks to understand the political landscape and the motivations of political actors. The questions posed, such as ""Wo bleibt Kurz' Verantwortung, Integrität und Mut?"" and ""Mögliche Erklärungen kann ich schon fantasieren, interessant ist eine Antwort M.V.?"", indicate a desire for deeper understanding.  Additionally, the user expresses a need for action and change, evident in comments criticizing societal issues like ignorance in educational institutions.  This combination suggests a user driven by both a desire for knowledge and a motivation to influence change.  They want to not only make sense of things going on around them, but question the status quo and possibly hold people accountable.",0,1,0,1,0,0,1,1,0,0,0,1
