2024-09-26 12:41:43,user_565982_threads_cleaned,"While Amidala67's comments display intellectual engagement, the overall valence is predominantly negative.  Their frequent criticisms of political figures and parties, along with their condemnation of certain actions, express disapproval and concern.  However, this negativity is often expressed through reasoned arguments and factual information, rather than through emotional attacks or personal insults.",Negative,"The user, Amidala67, actively participates in discussions across various articles, consistently providing lengthy and detailed comments.  Their engagement is not limited to simple reactions; instead, they offer substantial arguments, counterarguments, and critiques, indicating a high level of involvement and interest in the topics discussed.",High,"Amidala67's comments reveal a clear political leaning, often critical of the FPÖ (Freedom Party of Austria) and certain political stances.  However, their criticism is frequently grounded in factual arguments and historical context, rather than solely emotional outbursts.  This suggests a moderate level of polarization, as their engagement is driven by ideological convictions but also involves reasoned debate.",Moderately polarized,"Amidala67's comments demonstrate a strong need for knowledge and understanding of political and social issues.  They actively seek to share their knowledge and engage in discussions, suggesting a need to contribute to the discourse.  Their comments also reveal emotional responses to political events and actions, indicating a need to express their feelings and beliefs.  Finally, their participation in online debates suggests a desire to actively shape or influence the outcome of discussions.",1,1,1,1,1,1,1,1,0,0,1,0
2024-09-26 12:41:50,user_15898_threads_cleaned,"The user's emotional valence is mixed, ranging from cynical and critical to insightful and analytical.  While they express frustration and anger towards certain political figures and events, they also demonstrate a capacity for thoughtful reflection and a willingness to engage in constructive dialogue.  Their comments often contain both positive and negative emotional tones, reflecting a complex and multifaceted emotional landscape.",Mixed,"The user 'a b1' consistently engages in discussions across a variety of articles, demonstrating a high level of participation and interaction.  Their comments are often substantive and thought-provoking, indicating a keen interest in the topics discussed.  The user's engagement is not limited to simple agreement or disagreement but involves insightful observations and critical analysis.  The frequency and length of their comments further support this assessment of high engagement.",High,"While 'a b1' expresses strong opinions, their comments don't always fall neatly into a strictly polarized framework.  For example, in discussions about the Israeli-Palestinian conflict and the Ibiza-video affair, they offer nuanced perspectives that don't simply align with one extreme or the other.  However, their criticism of specific political figures and institutions suggests a degree of ideological leaning.  The moderate classification reflects this mixture of nuanced and opinionated viewpoints.",Moderate,"The user's comments reveal a strong need for knowledge and understanding of political and economic issues.  They actively seek to engage with information, analyze situations, and express their opinions.  Their comments often reflect a desire to share their knowledge and perspective with others.  The user also expresses emotions and feelings, indicating a need to connect with others and participate in the discussion.  The user shows a need to express their opinions and influence the discussion, suggesting a desire to actively participate in the political discourse.",1,1,1,1,1,1,1,1,0,0,1,0
2024-09-26 12:41:58,user_9431_threads_cleaned,"The overall valence of bandenchef's comments is strongly negative.  The user frequently uses insulting and derogatory language, expressing anger, contempt, and hostility towards those with opposing viewpoints.  While some comments may express amusement or sarcasm, these are outweighed by the overwhelmingly negative tone and the consistent use of demeaning language.  This negative valence is consistent across multiple articles and threads.",Negative,"The user, bandenchef, consistently engages in discussions across various articles, often posting multiple comments and replies.  The length of their comments varies, indicating a willingness to engage in both short, pointed remarks and more extensive discussions. This suggests a high level of engagement with the platform and a desire to participate actively in online discourse.",High,"Bandenchef's comments reveal a strong bias towards right-wing political views and a tendency to engage in highly polarized discourse.  Their comments consistently attack left-leaning individuals and ideologies, using strong negative language and derogatory terms.  This is evident across multiple articles and threads, indicating a consistent pattern of polarized expression.",Highly Polarized,"Bandenchef's comments suggest a need to express their opinions and engage in debate. They actively seek to share their perspective and engage with other users, even when their views are controversial.  Their comments also indicate a need to feel connected to a community that shares their political views.  The user's frequent and lengthy comments suggest a need for expression and a desire to influence the online discussion.  The content suggests a desire to understand political issues, but this understanding is heavily filtered through their pre-existing biases.",1,1,1,1,1,0,0,1,0,0,1,0
2024-09-26 12:42:02,user_61594_threads_cleaned,"While not exclusively negative, the overall valence of ernst ritoper's comments leans towards negativity. His concerns about state-sponsored malware and his criticism of political figures like Trump and Strache reflect a negative assessment of various situations.  Although he expresses his views strongly, it's not necessarily filled with rage or hatred, but rather a feeling of concern and frustration. The negative valence is particularly prominent in comments related to his concerns about Windows updates.",Negative,"The user, ernst ritoper, actively participates in discussions across various articles, demonstrating a consistent engagement level.  His comments are not merely brief reactions but rather express opinions and beliefs, indicating a high level of engagement with the platforms and topics discussed.",High,"Ernst ritoper's comments reveal a strong belief in his own perspectives, particularly regarding the presence of state-sponsored malware in Windows updates. This belief is presented as fact, rather than a hypothesis, and he is not receptive to alternative viewpoints. However, his comments on other topics like the Trump administration and the Strache affair show a more balanced approach, suggesting that his polarization is not absolute and is topic-dependent.",Moderately polarized,"Ernst ritoper's comments suggest a need to share his knowledge and understanding, particularly regarding technical issues like computer security. His comments also reflect a feeling of concern and frustration regarding what he perceives as malicious behavior by Microsoft. He actively seeks to share his views and potentially warn others, indicating a need to express his feelings and beliefs.",1,1,1,0,0,0,1,1,0,0,1,0
2024-09-26 12:42:14,user_691769_threads_cleaned,"While Ludovika's engagement is high, the overall valence of their comments leans towards negative. This is due to their tendency to express strong criticisms and negative opinions.  Many comments express dissatisfaction, skepticism, or outright condemnation.  For instance, the comment dismissing an economist's theories as 'Schall und Rausch' (noise and nonsense) exemplifies the negative valence.  Even when offering seemingly positive comments, such as those about the potential benefits of gender equality in the EU commission, a negative undertone is present, highlighting potential drawbacks.  The overall impression is one of negativity and critical engagement.",Negative,"The user, Ludovika, demonstrates high engagement by participating in discussions across a wide range of articles.  The comments, while often brief, consistently offer opinions or counterpoints, indicating active participation.  This is shown through the numerous threads in which Ludovika participates, and the variety of topics covered, ranging from environmental issues to politics and even fashion. The length of some comments also suggests a willingness to elaborate and engage in deeper discussion.",High,"Ludovika's comments often express strong opinions and display a high degree of emotional polarization.  For example, in the discussion about climate change, the user advocates for drastic measures, suggesting that 'frieren, nicht konsumieren und nicht Autofahren wird das Klima retten,' which translates to 'freezing, not consuming, and not driving will save the climate.'  This statement reflects a polarized viewpoint, positioning the user firmly on one side of the debate.  Similarly, comments on political articles reveal a strong stance and a tendency towards critical, even negative commentary.  The use of terms like 'Kriegsverbrechen' (war crime) in the context of the Flakturm article further underscores this polarized emotional response.",High,"Ludovika's comments suggest a need for knowledge and understanding of various topics, as seen in their engagement with articles on diverse subjects.  However, their emotional responses also reveal a need to express their feelings and opinions strongly, often in a confrontational manner.  The user demonstrates a need to actively participate and influence the discussion. This is evident in their frequent contributions, even if many are brief.  There's a clear drive to share their perspective, regardless of its polarizing nature.",1,1,1,1,1,1,1,1,0,0,0,0
2024-09-26 12:42:23,user_576336_threads_cleaned,"While MedAustria's engagement is high, the overall valence of their comments leans towards negative.  They frequently express anger, frustration, and disapproval towards other users and the subjects of the articles.  The use of accusatory language and strong assertions suggests a negative emotional tone.  However, it is important to note that this negativity is often directed towards specific viewpoints or actions rather than individuals, suggesting a focus on ideological disagreements rather than personal attacks.",Negative,"The user, MedAustria, consistently engages in online discussions across various articles, actively participating in multiple threads.  Their comments often directly respond to other users, indicating a high level of engagement with the online community. The length of their comments also suggests a willingness to thoroughly express their opinions and engage in debate.",High,"MedAustria's comments reveal a strong tendency towards expressing opinions that are likely to cause disagreement or division.  They frequently challenge other users' viewpoints, sometimes using strong language or accusatory tones.  For example, in the ""Grüss Göttin"" article, they directly state that the sign offends their religious feelings, and in the Neos article, they accuse another commenter of being a paid representative.  This pattern of expressing strong and potentially divisive views across multiple articles suggests high emotional polarization.",High,"MedAustria's comments reveal a desire to share their opinions and engage in discussions on a range of topics. They seem to seek validation for their views and express a need to engage with others who may hold opposing viewpoints. Their comments often involve expressing strong feelings and challenging others, suggesting a need to assert their identity and beliefs within the online community.  They also demonstrate a need for knowledge and understanding of the issues being discussed, as their comments are often informed and well-articulated.",1,1,1,1,1,0,0,1,0,0,1,0
2024-09-26 12:42:31,user_155651_threads_cleaned,"While the user exhibits high engagement, the overall valence of their comments leans towards the negative.  Many of their comments express criticism, disapproval, and concern about various political events and figures.  The user frequently employs language that conveys negative emotions, such as anger, frustration, and disappointment.  While there are instances of more neutral or even slightly positive comments (e.g., showing respect for vegetarianism), the dominant tone is negative and critical.",Negative,"The user 'm-s' consistently participates in discussions across various articles, indicating a high level of engagement.  Their comments are not merely reactive but often contribute to the conversation, sometimes initiating new threads.  The length and content of their posts suggest a significant investment of time and effort in expressing their opinions.",Highly Engaged,"User 'm-s' demonstrates strong opinions and expresses them with conviction.  Their comments often reflect a critical stance towards certain political figures (e.g., Strache) and events.  The user's viewpoints are clearly defined, and their language sometimes suggests strong emotional reactions.  This is evident in comments such as ""Einfach nur zum Genieren!"" and ""Wir sind mitten in 1931..."" which reveal strong negative sentiments.  The user's engagement with articles related to political controversies and their strong opinions indicate a high degree of emotional polarization.",Highly Polarized,"The user's comments suggest a need to express their opinions and engage in discussions on political and societal issues. They are actively seeking knowledge and understanding of events, expressing their feelings about them, and implicitly calling for action or change.  The user's comments are not just passive observations; they are attempts to participate in shaping the discourse surrounding these issues.  The user's need for understanding is evident in their attempts to analyze political events and motivations, as seen in their comments on the Trump-China trade war and the Ibiza-Video scandal.  Their need to express their feelings is evident in their use of emotionally charged language.  Their need for action is implicit in their calls for change and critique of political figures and events.",1,1,1,1,1,1,1,1,0,0,1,0
2024-09-26 12:42:39,user_553927_threads_cleaned,"While the overall valence of the user's comments is neutral, there are instances where negative emotions or skepticism are subtly expressed. For example, in the article about Kim Kardashian, the user's comment hints at a judgmental attitude.  In the article about the Australian refugee camps, the user's comment expresses disapproval of the government's actions. However, these negative expressions are not dominant and are balanced by several neutral and even slightly positive comments. The user's overall tone does not convey intense negativity or hostility but rather a thoughtful and sometimes critical engagement with the topics discussed.","Mostly Neutral, with occasional negative undertones","The user 'PonyHütchen' consistently participates in discussions across various articles, indicating a moderate level of engagement.  The comments, while not excessively long, show a willingness to engage with others' viewpoints and contribute to the conversation. The user's responses are thoughtful and often challenge or expand upon other comments, suggesting an active participation in the online discourse. However, the user's engagement is not overwhelmingly frequent or extensive across all articles, hence the classification of moderately engaged.",Moderately Engaged,"The user's comments don't exhibit strong positive or negative biases across the different articles. While they sometimes express opinions (e.g., on the marriage of Nellie Bly or the actions of the US government), these are presented in a relatively neutral tone and avoid overly emotional or inflammatory language.  The user engages in debate but doesn't appear to be seeking to strongly polarize or influence others' opinions.  Instead, the user seems to participate in discussion for the sake of sharing their perspective and engaging with others' views.",Neutral,"The user's comments suggest a need for knowledge and understanding of the topics discussed. They actively seek information (e.g., asking why Kim Kardashian used a surrogate) and engage with others' perspectives, indicating a desire for a deeper understanding of the issues. The user's comments also reveal a need to express their feelings and opinions, engaging in debate and sharing their perspectives. There's also evidence of a need for 'doing' in the sense of participating in the online community and contributing to the discourse.",1,1,1,1,1,0,1,1,0,0,1,0
2024-09-26 12:42:49,user_501118_threads_cleaned,"While the user's engagement is high, the overall valence of their comments is predominantly negative.  Their language often expresses cynicism, skepticism, and distrust towards authority figures and institutions.  They frequently use phrases that express anger, frustration, and disbelief.  The user's comments are characterized by a critical and often hostile tone, reflecting a negative emotional orientation towards the events and information presented.",Negative,"The user, UserohneNamen, consistently engages in discussions across multiple articles related to Austrian politics and the Christchurch mosque shooting.  Their comments are numerous and frequently lengthy, indicating a high level of participation and investment in the online discourse. The user's engagement is not merely reactive; they initiate threads and actively respond to others, suggesting a proactive role in shaping the conversation.  The sheer volume of comments across various articles points towards sustained engagement over a period of time.",High,"UserohneNamen's comments consistently express strong opinions and skepticism towards the narrative presented in the articles.  They frequently challenge the official accounts and investigations, often employing sarcastic or cynical language.  The user's viewpoints are consistently positioned against the mainstream viewpoints expressed in the articles and by other commenters.  This is evident in their responses to the Christchurch shooting investigation, where they question the evidence and suggest a political conspiracy.  Their comments on the Strache scandal also reveal a strong bias, favoring one political side and dismissing the opposing view.  This pattern of consistently opposing the dominant viewpoint, coupled with the use of strong language, suggests a high degree of emotional polarization.",Highly Polarized,"The user's frequent and lengthy comments suggest a strong need for understanding and expressing their perspective on the political events discussed.  The user actively seeks information, as evidenced by their sharing of links and references to other sources.  They also express their feelings and opinions strongly, indicating a need for emotional expression and validation.  While there's no direct action taken, their comments could be seen as a form of political participation and advocacy, fulfilling a need for 'doing'.",1,1,1,1,1,1,1,1,0,0,1,0
2024-09-26 12:42:58,user_553917_threads_cleaned,"While JackD expresses a range of emotions, the overall valence of his comments leans towards negative.  His language is often aggressive, dismissive, and judgmental.  He frequently uses terms like ""frechheit"" (impudence), ""Sauerei"" (mess), and ""Schande"" (shame) to express his disapproval.  While he expresses some positive sentiments towards certain individuals (e.g., Strache), his overall tone is characterized by anger, frustration, and contempt towards those he disagrees with.",Negative,"The user, JackD, consistently engages in lengthy and opinionated comments across a variety of articles.  The sheer volume of text and the frequency of posting suggest a high level of engagement.  The comments are not simply short reactions, but rather extended arguments and expressions of opinion.  This is particularly evident in articles related to politics, climate change, and social issues.",High,"JackD demonstrates a high degree of emotional polarization in his comments.  His opinions are strongly worded and often express disdain or contempt for opposing viewpoints.  For example, his comments on climate change are dismissive and derogatory towards environmentalists. Similarly, his comments on political figures and events show strong support for one side and strong opposition to the other.  He consistently uses strong language and moral judgments to express his opinions, indicating a high degree of emotional investment and polarization.",High,"JackD's comments suggest a need to express his opinions and beliefs, to engage in debate, and to influence the opinions of others.  He seems to seek validation for his views and to challenge or refute opposing perspectives.  The length and detail of his posts indicate a desire to thoroughly explain his reasoning.  The topics he chooses suggest an interest in political and social issues, and a need to feel informed and involved in these discussions.",1,1,1,1,1,0,0,1,0,0,1,0
2024-09-26 12:43:11,user_561538_threads_cleaned,"While their comments don't always express negative emotions, a significant portion of their engagement focuses on expressing disappointment or mild criticism.  Their comments on the Game of Thrones finale, for example, clearly express sadness and dissatisfaction.  Even in other threads, their comments often seem to subtly reflect a negative or critical stance, although this is not always explicitly stated.  Therefore, while not consistently negative, a predominantly negative valence is observed.",Mostly Negative,"The user, dosen_öffner, actively participates in discussions across various articles, demonstrating a consistent engagement level.  Their comments, while brief in some instances, show a clear interest in the topics discussed, ranging from Game of Thrones critiques to Austrian football and even local election results. The frequency of their posts across different articles and the relatively short time intervals between posts further support this assessment.  However, the nature of their comments is often more reactive and less initiating, suggesting a preference for engaging with existing conversations rather than starting new ones.",High,"While dosen_öffner expresses opinions, they are generally presented in a neutral tone.  There's no strong evidence of extreme emotional responses or attempts to polarize the discussion.  In the Game of Thrones threads, they express disappointment with the show's later seasons, but this is a common sentiment among many viewers and isn't presented in an aggressively divisive manner.  Their comments on other topics are even more neutral, often consisting of short, factual statements or expressions of simple agreement/disagreement.",Neutral,"The user's comments suggest a need for connection and shared experience. Their engagement with the Game of Thrones discussions points to a desire to connect with others who share their opinion on the show.  Their comments on other topics show a need to stay informed and participate in public discourse.  The brief and sometimes non-committal nature of some comments may indicate a need for low-effort engagement, or a preference for observing and reacting rather than leading discussions.  There is also evidence of a need for emotional expression, particularly in their comment about the Game of Thrones finale. However, this is largely expressed indirectly, through concise statements rather than lengthy emotional outpourings.",1,1,1,1,1,1,0,0,1,0,1,0
2024-09-26 12:43:17,user_108945_threads_cleaned,"Overall, kidtricky's comments have a mostly positive valence. While they express criticism (e.g., of Game of Thrones' final season), their tone is often humorous or conversational.  Their comments on sneakers and concerts show enjoyment and enthusiasm.  The negativity expressed is often directed at specific events or individuals and is not pervasive.  Their engagement with others in the comments section suggests a positive social interaction.  Therefore, while some negative sentiments exist, the overall emotional tone of their comments leans towards positive.",Mostly Positive,"The user, kidtricky, consistently participates in discussions across various articles, demonstrating high engagement.  Their comments are not merely reactive but often contribute to the conversation, showing an active interest in the topics.  The length of some comments also indicates a deeper level of engagement than simply reacting with short statements. The frequency of their comments across multiple articles, spanning different topics, further strengthens this assessment.",High,"While kidtricky expresses opinions, they don't exhibit strong emotional polarization.  Their comments show a mix of humor, informed opinions, and even agreement with others. For example, in the Game of Thrones discussions, they both critique plot points and express agreement with other viewers' sentiments.  There's no consistent pattern of extreme negativity or positivity across their comments.  Their response to the Life Ball article shows a degree of negativity, but this is contextual and not indicative of a broader pattern of polarization.",Neutral,"kidtricky's comments reflect a desire for knowledge and understanding of the discussed topics.  They actively seek information (e.g., asking for strategy game recommendations), share their opinions and experiences (e.g., their comments on public transport, concerts, and Game of Thrones), and engage with other users' opinions. The 'Doing' aspect is less prominent but is present in their suggestions and opinions. The user's needs are complex and cannot be limited to a single category.  They seek to engage with the information, share their own perspective, and participate in the community. This is a complex need that involves knowledge, understanding, and social interaction.",1,1,1,1,1,1,1,1,1,0,1,0
2024-09-26 12:43:23,user_118399_threads_cleaned,"While the user's comments show high engagement, the overall emotional valence leans towards the negative.  Many comments express cynicism, criticism, and disapproval.  The user frequently uses sarcastic or ironic language, often to convey a sense of frustration or disillusionment with various aspects of society and current events.  While there are moments of humor, the predominant emotional tone reflected in the comments is negative.",Negative,"The user 'eva roxi' consistently engages in discussions across a wide range of articles, demonstrating a high level of participation.  The comments are not merely short, reactive statements but often include detailed opinions, questions, and sometimes even sarcastic remarks, indicating active engagement with the content and other users. The user's engagement spans diverse topics, from politics and social issues to consumer products and environmental concerns, suggesting a broad interest and willingness to participate in online discussions.",High,"The user's comments reveal a strong tendency toward polarization.  Their opinions are often strongly worded, expressing disapproval or cynicism towards various institutions (e.g., government, police, corporations) and social phenomena.  For example, comments about the police, the German government, and corporations show a clear negative stance.  The user's language often employs sarcasm and irony, which further reinforces a polarized perspective.  This polarization is not consistent across all topics; however, the overall pattern suggests a tendency to view issues in a highly critical and oppositional manner.",High,"The user's comments indicate a need for knowledge and understanding of current events and social issues.  They seek to express their feelings and opinions, engaging in discussions to share their perspective. The user also seems to be seeking a sense of agency, expressing their opinions and challenging established views.  They are actively participating in online discussions and seeking to influence or engage with others, fulfilling a need for social interaction and potentially influencing others.",1,1,1,1,1,1,1,1,0,0,1,0
2024-09-26 12:43:29,user_181743_threads_cleaned,"While Munin's comments show a range of emotions, the overall valence is predominantly negative.  The critical tone, skepticism, and sarcastic remarks contribute to this negative emotional valence.  While there are moments of curiosity (as in the Huawei thread), the prevalent sentiment across the various articles points towards negativity.  The expression of Schadenfreude, although a complex emotion, still falls within the broader spectrum of negative valence in the context of the comments.",Negative,"User Munin actively participates in discussions across various articles, consistently providing comments and engaging in reply threads.  The frequency and length of their comments, particularly in the article about Strache, suggest a high level of engagement.  The user doesn't just react but actively contributes to the conversation, asking questions and expressing opinions. This indicates a high level of engagement with the platform and the discussed topics.",High,"Munin's comments often express skepticism, criticism, and even sarcasm, particularly towards the FPÖ.  The comment about 'the FPÖ being a good example' for a lack of common sense shows a negative stance.  While the comment about Huawei expresses curiosity rather than strong negativity, the overall tone across the different articles leans towards a critical and negative perspective on political and societal issues.  This suggests a negative emotional polarization, although it is not expressed with extreme language or personal attacks.",Negative,"Munin's comments suggest a strong need for understanding and knowledge about political and societal events. The user actively seeks information, asks clarifying questions (e.g., ""Weil?"" in the Huawei thread), and expresses opinions based on their understanding.  The user also seems to express feelings, such as Schadenfreude (in the Strache article), indicating a need to engage emotionally with the discussed topics.  The comments do not directly fulfill a ""doing"" need, meaning they lack a call to action or a request for practical advice. The user's engagement suggests a desire to shape their understanding and share their perspective.",1,1,1,0,1,1,1,1,0,0,0,0
2024-09-26 12:43:46,user_30537_threads_cleaned,"While La Fayette04 exhibits high engagement, the overall valence of their comments leans negative.  Their comments frequently express anger, disapproval, and frustration towards specific political figures and events.  Although they sometimes offer positive assessments of certain policies or individuals, the predominant tone is one of negativity and criticism.  This negativity is consistently expressed across multiple articles and threads, suggesting a prevailing negative emotional state related to the political climate.",Negative,"The user, La Fayette04, consistently engages in discussions across various articles, demonstrating a high level of participation.  Their comments are lengthy and detailed, indicating significant investment of time and effort.  The user's engagement isn't limited to simply reacting; they actively contribute to the conversation, often presenting well-reasoned arguments and engaging with other users' replies. This sustained and thoughtful participation across multiple articles points to high engagement.",High,"La Fayette04's comments reveal a strong political leaning, exhibiting significant polarization. Their statements often express strong disapproval of certain political figures and parties, particularly those associated with the right-wing.  Conversely, they show implicit or explicit support for left-leaning viewpoints and parties.  The user doesn't shy away from expressing strong opinions, often using inflammatory language to convey their disapproval. This pattern of strong positive and negative evaluations across various political actors indicates high emotional polarization.",Highly Polarized,"The user's comments suggest a need to express their political opinions and engage in debate. They seek to understand and interpret political events, demonstrating a desire for knowledge and a need to share their perspective. The user's comments are not merely passive observations; they represent active participation in shaping the narrative around political events, suggesting a need for 'doing' in influencing the discourse.  The emotional intensity of their comments indicates a strong feeling about the issues discussed.",1,1,1,1,1,1,1,1,0,0,1,0
2024-09-26 12:44:03,user_557390_threads_cleaned,"Munz1's comments display a mixed valence.  While they often express frustration with certain political actors and strategies, they also exhibit a pragmatic and analytical approach.  Their comments are not purely negative; they offer analysis, predictions, and suggestions for improvement. The overall tone suggests a blend of concern, frustration, and a desire for a more effective and representative political system. The user's comments reflect a blend of negative and positive emotions, depending on the specific issue being discussed.  For example, they express frustration with the political elite but also hope that voters will make informed choices.",Mixed,"User Munz1 consistently engages in lengthy and detailed discussions across multiple articles.  Their comments are substantive, offering analysis and opinions rather than simple reactions.  The length of their posts (often exceeding 500 characters) and their responses to other users' replies indicate a high level of engagement with the subject matter and the online community.",High,"Munz1's comments reveal a moderately polarized viewpoint. While they express opinions strongly, they do not resort to personal attacks or inflammatory language. Their arguments are primarily focused on political strategy and the perceived motivations of different political actors.  Their engagement with counterarguments, even if to refute them, suggests a willingness to engage in debate, rather than simply preach to the choir. The repeated focus on the interests of ""the little people"" and critique of the elite suggests a potential left-leaning perspective, but their analysis is not solely based on emotional appeals, but also strategic considerations.",Moderate,"Munz1's comments strongly suggest a need for knowledge and understanding of Austrian politics.  They actively seek to engage with different perspectives, suggesting a desire to fully grasp the complexities of the situation.  The emotional tone of some comments suggests a feeling of concern or frustration with the political climate, but this is channeled into analytical commentary rather than emotional outbursts. Their comments also indicate a desire to influence the political discourse, suggesting a need to actively participate in shaping the outcome of the situation.",1,1,1,1,1,1,1,1,0,0,0,0
2024-09-26 12:44:08,user_519963_threads_cleaned,"exo3000's emotional valence is mixed, ranging from neutral to slightly negative.  The user's comments show a mix of critical and neutral opinions, without exhibiting consistently positive or negative emotions.  The user's comments on political topics show a slightly negative valence, while in sports discussions, the valence is more neutral.",Mixed,"The user exo3000 consistently engages in discussions across various articles, demonstrating active participation and frequent replies.  The comments are not just brief statements, but rather contribute to the ongoing conversation, indicating a high level of engagement with the platform and the topics discussed.",High,"While exo3000 expresses opinions, they are generally presented in a neutral or slightly critical tone.  There's no strong evidence of highly polarized emotional responses.  For example, in the discussion about the football matches, the user offers opinions but doesn't express extreme joy or anger.  In political discussions, the user expresses criticisms but doesn't resort to inflammatory language.",Neutral to Slightly Negative,"exo3000's comments suggest a need to participate in discussions, share opinions, and engage with others on a range of topics, from sports and finance to politics and entertainment. The user seems to seek knowledge and understanding of the discussed events and expresses their feelings and opinions actively. The 'Doing' aspect is less prominent, but the user's active participation in discussions suggests a desire to influence or shape the conversation.",1,1,1,1,1,1,1,1,0,0,1,0
