Timestamp,User ID,Core Affect Thought,Valence,Arousal,Emotional Aspect Thought,Emotional Aspect Classification,Context,Cognitive Appraisal,Conceptualization,Cultural Influence,Predictions and Simulations,Emotional Dynamics,Emotional Blend Thought,Emotional Blend Classifications,User Need Thought,Physiological,Safety,Love/Belonging,Esteem,Self-Actualization
2024-09-27 14:28:44,user_534931_comments_1646_tokens,"Lumachina's comments display a moderate level of arousal.  While there are expressions of strong emotion (e.g., ""mega!! so beginnt der Tag einfach wirklich gut!!""), many comments are relatively neutral in their emotional expression. The questions (""warum?"") and short agreements (""sehe ich auch so!"") suggest engagement without high activation. The instances of sarcasm or irony (""als laufmasche bin ich jetzt auch gekränkt. ich bin nicht türkis!"") also point to a degree of emotional control rather than heightened arousal.",Slightly Positive to Neutral,Moderate,"Considering Lumachina's comments across various articles, a pattern of mild amusement, mild annoyance, and cautious agreement emerges.  The use of sarcasm and humor, along with the context of online discussions, shapes the expression of these emotions. The political context also plays a role, particularly in comments relating to Austrian political figures and events.","Mild amusement, mild annoyance, cautious agreement","The context of online comments sections influences the emotional expressions.  The anonymity and relative informality of the platform may encourage more direct, and sometimes sarcastic, responses.","Lumachina seems to interpret the 'Laufmasche' comment as slightly absurd, leading to amusement and a sarcastic response.  She also expresses annoyance at the 'Knackevoll' comment and questions the commenter's rationale. Her agreement with the comment on basic income suggests a cautious alignment with that viewpoint.","Lumachina uses sarcasm (""als laufmasche bin ich jetzt auch gekränkt."") and humor (""im Hirn eine laufmasche is net so doll..."") to express her views.  Her language is informal and direct, suggesting a straightforward communication style.","The political context of some comments (e.g., those relating to Austrian politics) likely influences Lumachina's emotional responses, reflecting underlying political views and affiliations within Austrian culture.","Lumachina's question (""warum?"") suggests a desire to understand the other commenter's perspective and predict their future behavior.  Her positive reaction to the Kurz-Regierungsende memes indicates an anticipated positive outcome related to this political event.","There's a degree of emotional fluctuation across the comments. Lumachina shifts from amusement (regarding the ""Laufmasche"" article) to annoyance (regarding the ""Knackevoll"" comment) and then to agreement (on the basic income comment).","Lumachina's comments exhibit a blend of amusement, annoyance, and agreement.  Her amusement is evident in the sarcastic responses to the ""Laufmasche"" article. Annoyance is displayed in response to the ""Knackevoll"" comment. Agreement, though cautious, is expressed towards the basic income comment.  These emotions are intertwined and reflect a nuanced response to different stimuli within the online environment.","Amusement, Annoyance, Agreement","Lumachina's engagement in political discussions suggests a need for safety and security, relating to societal structures and political outcomes. The expression of agreement and attempts to understand other perspectives point to a need for belonging and connection with others who share similar views.  The use of sarcasm and humor can be interpreted as a way of asserting her perspective and gaining recognition, reflecting a need for esteem.",0,1,1,1,0
2024-09-27 14:29:22,user_26157_comments_1475_tokens,"The user 'Anonymer Poster' exhibits a moderate level of arousal.  While some comments express strong opinions (e.g., calling people 'Vollidioten'), the overall tone remains relatively controlled. The language used, while at times critical, doesn't indicate heightened emotional intensity across the board.  The mix of topics, from political commentary to scientific discussion, also suggests a degree of cognitive engagement rather than purely emotional reactivity.",Slightly Negative,Moderate,"The user's comments reveal a blend of apprehension, skepticism, and mild irritation.  The apprehension stems from the discussion on immigration, where the user expresses concern over cultural differences.  Skepticism is evident in their analysis of political strategies. Mild irritation is directed towards the hikers in the mountain rescue story.  These emotional classifications are informed by Barrett's theory, which emphasizes the constructive nature of emotions based on individual interpretations, context, and past experiences.","Concerned Apprehension Skepticism Mild Irritation","The comments are made in response to various news articles covering diverse topics such as immigration, mountain rescue, astronomy, and Austrian politics. The context significantly shapes the emotional responses.","The user seems to appraise immigration as a potential threat based on cultural differences, particularly those related to religion.  They also appear to judge the hikers' actions as irresponsible and inconsiderate of the rescuers. In the political comments, there's an appraisal of the current political landscape as manipulative and strategic.",The user conceptualizes culture primarily through the lens of religion and values.  They frame irresponsible behavior as a sign of entitlement.  Political maneuvering is understood as a strategic game.,"The user's comments on immigration reflect concerns about cultural integration, suggesting an awareness of societal norms and values related to cultural homogeneity.","The user speculates about the political motivations of different parties, suggesting an attempt to predict and understand future political outcomes.  They also realistically assess the unlikelihood of witnessing a cosmic event in the near future.","The user's emotional expression shifts depending on the topic. The immigration discussion shows apprehension, while the mountain rescue incident evokes irritation.  The political analysis appears more detached and analytical.","The user's emotional responses indicate a complex blend of apprehension about cultural changes, skepticism towards political actors, and irritation with perceived irresponsible behavior.  These emotions are intertwined and likely influence each other. For instance, the apprehension about cultural differences might fuel the skepticism about political rhetoric on immigration. The irritation with the hikers' behavior might stem from a perceived lack of respect for societal norms.","Apprehension, Skepticism, Irritation","The user's comments suggest a concern for safety, particularly concerning cultural changes perceived as potentially disruptive. The emphasis on shared values and cultural homogeneity points to a need for belonging and social connection.  These needs are likely influencing the user's emotional responses to the news articles. According to theories like Maslow's hierarchy, safety and belonging are fundamental human needs that shape our perceptions and behaviors.",0,1,1,0,0
2024-09-27 14:29:59,user_689781_comments_1770_tokens,"Herr Löwenzahn's comments exhibit moderate arousal.  While he engages with politically charged topics, his language doesn't convey high emotional intensity.  There's a mix of sarcastic humor and pointed questions, suggesting engagement without extreme activation.  For example, ""Getränkehändler gegen OE24 ... wem drückt man da die Daumen?"" indicates intellectual engagement and mild amusement rather than strong emotional excitement.  Similarly,  ""In die Wüste der gefüllten Futtertröge?"" expresses cynicism but not heightened arousal.",Slightly negative,Moderate,"Herr Löwenzahn's consistent use of sarcasm and rhetorical questions across multiple articles related to the political scandal suggests an overarching emotional theme of disdain and skepticism.  He appears to view the political actors with cynicism, interpreting their actions as self-serving and untrustworthy. This interpretation is supported by the context of the political scandal and is reflected in his conceptualization of the situation through metaphors and sarcastic language.",Disdain blended with skepticism,"The comments are made within the context of a highly publicized political scandal in Austria, creating a charged atmosphere of distrust and cynicism.  This context significantly shapes the emotional landscape of the comments.","Herr Löwenzahn appears to appraise the political situation as negative and untrustworthy. His comments often imply criticism of politicians and the media. He interprets the actions of political figures with skepticism, as seen in his question about Kurz's absence in Ibiza and his sarcastic remark about ""gefüllte Futtertröge.""","Herr Löwenzahn uses metaphors like ""Wüste der gefüllten Futtertröge"" and sarcastic rhetorical questions to conceptualize his disdain for the political elite. His language suggests a conceptualization of politics as self-serving and disconnected from the public good.","Austrian political culture, with its history of coalition governments and political maneuvering, may influence Herr Löwenzahn's skeptical perspective.  His comments reflect a potential cultural cynicism towards political processes.","Herr Löwenzahn's question, ""Außer es taucht auch ein Video von ihm auf,"" reflects an anticipation of further scandals and reinforces his skeptical outlook on the future of Austrian politics. He seems to predict continued political turmoil and potential downfall of other figures.","While generally expressing disdain and skepticism, there's a subtle shift towards more overt sarcasm when directly engaging with other commenters.  His responses, such as suggesting a cabinet composed of comedians, indicate a dynamic emotional response to the ongoing discussion.",Several emotions appear blended in the comments. Disdain is evident in the critical tone towards politicians.  Skepticism is apparent in the questioning of their motives and actions. Sarcasm is used as a rhetorical tool to express these sentiments indirectly. Cynicism is reflected in the overall pessimistic outlook on the political landscape. These emotions intertwine to create a complex emotional response to the unfolding political events.,"Disdain, Skepticism, Sarcasm, Cynicism","Herr Löwenzahn's comments suggest a concern for political stability and accountability (Safety). His critical stance towards those in power reflects a desire for trustworthy governance and a sense of security within the political system.  Additionally, his engagement in political discourse can be interpreted as an expression of his need for intellectual stimulation and social contribution (Esteem), seeking to understand and influence the political landscape.",0,1,0,1,0
2024-09-27 14:30:37,user_105744_comments_2787_tokens,"The user 'hockshank' exhibits a moderate level of arousal. While not exhibiting extreme emotional outbursts, their language demonstrates engagement and reactivity to the articles and other commenters.  The repeated use of sarcasm, pointed criticisms, and declarative statements suggests an active emotional state, rather than passive observation.  For instance, comments like ""fremdschämporno, von idioten für idioten gemacht"" and ""unreflektiertes wunschdenken, verursacht durch intellektuelle minderleistung"" showcase strong, negatively valenced opinions and active engagement, indicating moderate arousal.",Negative,Moderate,"Considering the context of the comments—criticism of political figures and cultural phenomena—combined with the strong, negatively-valenced language used, the user appears to be experiencing a blend of disdain, contempt, skepticism, and frustration. The repeated use of dismissive language like ""idioten"" and ""minderleistung"" suggests contempt and disdain. The questioning of politicians' statements expresses skepticism.  The overall tone of the comments points to frustration with the perceived state of affairs.","Disdain, Contempt, Skepticism, Frustration","The user's comments are primarily reactions to political news and cultural events. The context of political debate and social commentary contributes to the expression of frustration and skepticism.  The interactions with other users also seem to fuel further negative reactions, as seen in the exchanges where the user doubles down on their critical remarks.","Hockshank appears to appraise the actions of politicians and the behavior of other commenters as foolish, incompetent, and worthy of ridicule.  They interpret political statements as empty rhetoric and dismiss certain cultural phenomena as inane. This appraisal contributes to the negative valence of their emotional expressions.","Hockshank uses terms like ""idioten,"" ""minderleistung,"" and ""nichtssagendes gewäsch"" to conceptualize their negative evaluations.  These terms reflect a critical and dismissive stance, reinforcing the negative emotional tone.","The comments reflect a certain level of cynicism and critical engagement often found in online discussions of current events, particularly politics. This suggests a cultural influence where expressing strong opinions, even negative ones, is normalized and perhaps even encouraged within this specific online environment.","The user's comments suggest a pessimistic outlook, anticipating negative outcomes from the situations discussed. For instance, the skepticism towards politicians' statements suggests a prediction that their actions will not match their words.  This anticipation of negative outcomes reinforces the overall negative emotional landscape.","While predominantly negative, the intensity fluctuates. The initial comments may start with a degree of sarcasm or irony, but the tone can escalate to open disdain when challenged by other commenters.","Multiple emotions appear interwoven in hockshank's comments. The strong, critical language expressing disapproval and disrespect suggests disdain and contempt.  Simultaneously, there's an element of skepticism, conveyed through questioning the sincerity of political figures.  Underlying these, a sense of frustration emerges, directed at the perceived incompetence and ineffectiveness of those being criticized. These emotions combine to create a complex emotional blend.","Disdain, Contempt, Skepticism, Frustration","The user's comments suggest a need for Esteem, specifically a desire for competence and achievement, potentially reflected in their negative assessment of others' perceived incompetence. The critical focus on political figures and societal issues may also indirectly indicate a need for Safety and Security, stemming from a concern about societal stability and the future.",0,1,0,1,0
2024-09-27 14:31:16,user_692641_comments_1539_tokens,"The user 'ausgewogen09' expresses strong opinions about the political situation in Austria.  The language used, such as ""moralischen Hochverrates"" (moral treason), ""extrem wichtig"" (extremely important), ""enorme Belastung"" (enormous burden), and ""untragbar"" (untenable), indicates a high degree of emotional engagement and activation. The urgency and concern conveyed suggest a state of heightened arousal, not relaxed or passive.  While there are elements of negativity, the strong convictions and active engagement point towards a moderate to high arousal level rather than low.",Negative,Moderate to High,"The user's language consistently reflects moral outrage, concern, and disappointment.  The intensity of these emotions is sustained throughout the comments, indicating a deeply held conviction about the political situation.  The user's cognitive appraisal, conceptualization, and predictions all point towards a negative emotional experience shaped by a sense of moral violation and concern for the future.","Moral Outrage, Concern, Disappointment",The user's comments are made in the context of a political scandal in Austria involving a prominent politician.  The comments are directly related to news articles discussing the scandal and its aftermath.  This context is crucial for understanding the emotional intensity expressed.,"The user interprets the actions of certain political figures as a betrayal of democratic values and a threat to Austria's reputation. They judge these actions as morally reprehensible and express concern for the future of the country. Their meaning-making process centers around the concepts of democracy, morality, and national identity.","The user uses strong moral language, framing political actions in terms of ""Hochverrat"" (treason) and ""Skrupellosigkeit"" (ruthlessness). This conceptualization emphasizes the severity of the perceived transgressions and reinforces the negative emotional response.  They also use metaphors like ""Wackelkandidaten"" (wobbly candidate), further illustrating their perception of instability and risk.","The user's concern for democratic values and national reputation reflects a cultural emphasis on these principles within Austrian society. The specific language used, such as ""moralischen Hochverrates,"" resonates with cultural understandings of duty and patriotism.",The user expresses concern about the future impact of these political events on Austria's reputation and stability. This reflects an anticipation of further negative consequences and a pessimistic outlook on the political climate.  The user's call for the removal of certain figures from political life indicates a desire to avoid these predicted outcomes.,"There's a consistent expression of negative emotions across the comments, indicating a sustained emotional response to the political situation.  The intensity of language remains high, suggesting a continued state of concern and outrage.","The user's comments express a blend of moral outrage at the perceived betrayal of democratic values, disappointment in the political leadership, anxiety about the future of Austria, and contempt for the politicians involved. These emotions are intertwined and reinforce each other, creating a complex emotional experience.  The outrage is evident in the strong moral language, the disappointment in the expressions of concern for Austria's reputation, the anxiety in the predictions of negative consequences, and the contempt in the dismissive language used to describe certain politicians.","Moral Outrage, Disappointment, Anxiety, Contempt","The user's comments express a need for safety, threatened by the perceived political instability.  The concern for Austria's reputation and international standing reflects a need for belonging and positive social identity.  The desire for accountability and removal of certain political figures suggests a need for esteem and a sense of justice. These needs are not explicitly stated but are implied through the user's expressions of concern, outrage, and desire for change.  The user's emotional responses can be understood as arising from the perceived threat to these fundamental needs.",0,1,1,1,0
2024-09-27 14:31:52,user_97204_comments_2632_tokens,"Juanchito exhibits fluctuations in arousal.  His comments range from excitement and anticipation (e.g., ""wuerd die truppe gern im finale sehen!!"") to disappointment and frustration (e.g., ""schoene wird wahrscheinlich noch schoen lang schiach dran zum nagen haben...."").  This suggests a dynamic emotional engagement with the football matches.","Overall slightly negative, with positive spikes",Moderate,"Juanchito's comments reveal a complex interplay of hope, disappointment, excitement, and frustration driven by the performance of his favored football teams.  His emotional expressions are closely tied to the dynamic context of the matches and shaped by his understanding of the game, cultural background, and personal predictions.","Disappointment, Hope, Frustration, Excitement","The context of international football matches and the performance of specific teams (Ajax, Barcelona, Liverpool) strongly influences Juanchito's emotions.  His comments are directly related to the events unfolding in these matches.","Juanchito evaluates the football matches based on his expectations and desires for his favored teams.  He expresses disappointment when his teams lose or underperform and excitement when they succeed.  He also analyzes the strategic decisions made during the games, indicating a cognitive appraisal of fairness and effectiveness.","Juanchito uses football-specific language (""Zuckerpassspiel,"" ""ausgeputzt"") and metaphors (""Barcatoeter"") to express his emotional experience, demonstrating how his understanding of the sport shapes his emotional responses.","Juanchito's use of colloquialisms and expressions (e.g., ""schoen lang schiach dran zum nagen haben"") suggests a cultural context influencing his emotional language.","Juanchito makes predictions about match outcomes (e.g., ""wenn liver 3:0 zu hause gewinnt, naja......"") and speculates on alternative scenarios (e.g., ""das perfekte finale waer barca - ajax gewesen""). These predictions and simulations clearly influence his emotional responses.","Juanchito's emotions shift dynamically throughout the comments, reflecting the ups and downs of the football matches. His initial hope and excitement can transition to disappointment and frustration, and vice-versa.","Juanchito's comments often express blends of emotions. For example, his disappointment at Ajax's loss is mixed with nostalgia for their strong performance throughout the season (""schad, dass es kein spiel um den dritten platz zwischen barca - ajax gibt, wie gesagt spielerisch echt geile saison heuer"").  His excitement about certain matches is tempered by frustration with specific team decisions.  These blends contribute to a nuanced understanding of his emotional experience.","Hope, Disappointment, Frustration, Excitement, Nostalgia","Juanchito's engagement with the football community suggests a need for belonging and connection.  His comments demonstrate an investment in the success of his teams, potentially reflecting a desire for shared joy and validation through their achievements.  His analysis of player and team performance also suggests a need for esteem, both for himself as a knowledgeable fan and for the teams he supports.",0,0,1,1,0
2024-09-27 14:32:29,user_672719_comments_1244_tokens,"Hawratil's comments range from short, seemingly neutral remarks (""Na sicherlich"") to more involved explanations, suggesting a fluctuating arousal level.  The more detailed comments, especially regarding the Böhmermann/Ibiza affair, point towards higher engagement and thus, moderate arousal.  While some comments hint at mild amusement or sarcasm, there's no strong indication of high arousal emotions like excitement or anger.",Slightly negative to neutral,Moderate,"Hawratil's comments show a pattern of critical evaluation and skepticism. The language used reflects a degree of mild disapproval towards certain actions or events. Their analytical approach, particularly in the Böhmermann case, suggests intellectual curiosity and a need to understand underlying mechanisms. While not expressing strong emotions, their choice of words and the context in which they are used hint at subtle emotional nuances.","Mild disapproval, skepticism, intellectual curiosity","The comments are reactions to various news articles, ranging from legal disputes to political scandals and online culture. These contexts strongly influence the expressed sentiments, from justifying actions to criticizing perceived wrongdoings.","Hawratil seems to appraise situations with a critical and analytical lens. They interpret the drone shooting as justifiable ""self-help,"" the FPÖ study as a ""sham,"" and the ""Game of Thrones"" backlash as excessive. In the Böhmermann case, they demonstrate an analytical approach, dissecting the website's code and speculating about the meaning.","Hawratil uses concise language, often expressing opinions directly. They conceptualize events in terms of right and wrong, authenticity versus manipulation, and the power dynamics between employers and employees.  The technical details in the Böhmermann comment indicate a specific conceptualization of online media as manipulable and potentially misleading.",The comments suggest an awareness of Austrian and internet culture.  References to the FPÖ and Böhmermann require familiarity with the Austrian political and media landscape. The skepticism towards media manipulation reflects a broader cultural concern with online information integrity.,"Hawratil speculates about Böhmermann's reveal, showing anticipation and curiosity about the future. The comment about restaurant staff suggests a prediction that better treatment leads to improved applications. These predictions are based on their understanding of media dynamics and social behavior.","While most comments maintain a relatively neutral tone, the comment on treating restaurant staff fairly suggests a shift towards mild indignation or concern about labor practices. This indicates a capacity for empathy and a sensitivity to social justice issues.","Several comments display a blend of skepticism and mild disapproval, particularly towards the FPÖ and ""Game of Thrones"" writers.  The Böhmermann comments blend curiosity with potential sarcasm (""Nice try.""), acknowledging the possibility of being misled while still engaging with the mystery. The sarcasm might mask a slight frustration or amusement with the situation's ambiguity.","Skepticism, Mild disapproval, Curiosity, Sarcasm","The ""Gartenbesitzer"" comment might reflect a need for safety and control over one's property. The comments on the FPÖ and ""Game of Thrones"" writers could be interpreted as seeking fairness and intellectual honesty, which relate to esteem needs.  The Böhmermann comment and the plea for fair treatment of restaurant workers suggest a drive for knowledge and social improvement, possibly hinting at self-actualization needs.",0,1,0,1,1
2024-09-27 14:33:09,user_518535_comments_1061_tokens,"Boltzmann's language expresses a mix of amusement, concern, and outrage. Words like ""I brich ab,"" ""Lachen oder weinen?"" and ""Gruselige Vorstellung"" suggest fluctuating emotional intensity.  His proactive re-engagement with the platform specifically to comment (""Habe mich extra seit langem wieder angemeldet um hier zu posten!"") indicates heightened arousal and investment in the political situation.  While there are elements of humor and sarcasm, the overall context points towards a state of heightened activation.","Negative, with moments of darkly comedic amusement",Moderate to High,"Considering the political climate and the content of Boltzmann's posts, his emotional responses align with Barrett's theory of constructed emotions. The complexity of the situation elicits a blend of emotions that are influenced by his individual background, the social and political context, and his interpretations of the events.  His comments don't reflect basic emotions, but rather complex emotional experiences constructed in response to a dynamic situation.","Disgust, Contempt, Hope, and possibly Fear (with nuances)",The comments are made in the context of a major political scandal in Austria.  Boltzmann is reacting to news reports and engaging in discussions on the online newspaper website. This context strongly influences his emotional responses.,"Boltzmann interprets the unfolding political events as deeply troubling and potentially threatening to the integrity of his country.  He views the behavior of politicians with contempt and disgust.  There is a degree of uncertainty about the future, reflected in comments like ""Verfassungsgeschichtliches Terra Incognita steht uns bevor."" His pride in the previous presidential election outcome indicates a hope for positive change.","Boltzmann uses colloquialisms and strong language to express his disgust and contempt. Metaphors like ""aufgeblattelt"" paint a vivid picture of his perception of the political actors involved. He conceptualizes the situation as a critical juncture for his nation.",Austrian political culture and the specific language used within that culture shape Boltzmann's expression of his emotions. The sense of national identity and concern for the country's reputation play a role.,"Boltzmann expresses a degree of uncertainty and apprehension about the future, particularly in his comment ""Verfassungsgeschichtliches Terra Incognita steht uns bevor.""  This points to simulations of potential negative outcomes.","Boltzmann's emotional responses shift between disgust, dark humor, concern, and hope.  His initial outrage at the scandal gives way to more reflective comments about the state of the nation. Pride in the last election result demonstrates a fluctuation towards a more positive, hopeful valence.",The user's comments reveal a complex interplay of emotions. Disgust and contempt are directed at the politicians involved in the scandal. Fear and apprehension are evident in his predictions about the future political landscape.  Hope is expressed for a positive outcome.  These emotions are not mutually exclusive but blend together to create a nuanced emotional state.,"Disgust, Contempt, Fear, Hope, Amusement","Boltzmann's concern for the future of Austria (""Zustand unserer Republik"") speaks to his need for safety and security within his nation.  His engagement with other commenters suggests a need for belonging and social connection.  Expressing pride in the election outcome and hoping for positive change reflect a need for esteem and a sense of collective efficacy.",0,1,1,1,0
2024-09-27 14:33:46,user_501294_comments_1671_tokens,"Calculator's comments exhibit a moderate level of arousal.  While not exhibiting heightened emotional intensity, there's engagement and reaction to the political and social contexts of the articles.  The language used, such as ""Schaden begrenzt halten"" (limit the damage), ""Bin ich hier bei Maschek?"" (Am I on a satirical show?), and sarcastic remarks like ""Ah, warte - er fängt ja nicht mit 'nicht anpatzen' an"" (Oh wait - it doesn't start with 'don't criticize'), indicates mental activation and investment in the discussions, suggesting more than just a passive observation of the news.",Slightly negative,Moderate,"Calculator's comments suggest a critical and skeptical perspective on Austrian politics.  The consistent use of sarcasm, rhetorical questions, and expressions of disapproval reveals a negative appraisal of certain political figures and their actions. The emotional responses are clearly influenced by the specific context of each article and demonstrate an understanding of Austrian political culture.","Skepticism, Sarcasm, Disapproval","The context of each article heavily influences Calculator's emotional responses.  The comments are directly related to the political and social issues presented in each article, demonstrating a clear reaction to the specific events being discussed.","Calculator appears to appraise the political situations presented in the articles negatively, viewing certain political figures and actions with skepticism and disapproval.  The comments consistently challenge the actions and statements of political figures, suggesting a critical evaluation of their behavior.","Calculator uses sarcasm and rhetorical questions to express skepticism and disapproval.  The use of phrases like ""Bin ich hier bei Maschek?"" and ""Ich bin kein Rassist, aber ... Aber!"" implies a perception of absurdity and hypocrisy in the political landscape.","The comments reflect an awareness of Austrian political culture and current events.  References to specific political figures and satirical shows like ""Maschek"" indicate a familiarity with the Austrian media landscape.","Calculator's comments hint at a pessimistic outlook on the future of Austrian politics, particularly regarding the actions of certain political figures. The sarcastic tone implies a prediction of further negative developments.","While generally skeptical and disapproving, there are subtle shifts in emotional expression.  For example, ""No Comment"" on the article about the blogger suggests a certain level of restraint, while other comments express more overt sarcasm and disapproval.","Calculator's comments reveal a blend of skepticism, sarcasm, and disapproval. Skepticism is evident in the rhetorical questions and challenges to political statements. Sarcasm is used as a tool to express this skepticism and disapproval, adding a layer of irony and wit to the comments. Disapproval is the underlying emotion, directed towards the perceived hypocrisy and negative actions of certain political figures. These emotions work together to create a complex emotional response that reflects a critical and pessimistic view of the political landscape.","Skepticism, Sarcasm, Disapproval","Calculator's comments reflect a concern for safety and esteem needs.  ""Schaden begrenzt halten"" (limit the damage) suggests a desire for safety and security, particularly in the context of political decisions that could have negative consequences.  The critical and sarcastic tone of the comments could also be interpreted as a way of asserting esteem and expressing a sense of intellectual superiority. By challenging political rhetoric and expressing informed opinions, Calculator may be seeking validation and recognition of their understanding of the political landscape.",0,1,0,1,0
2024-09-27 14:34:23,user_518684_comments_1613_tokens,"The user 'DJinDownUnder' demonstrates moderate arousal through detailed and engaged responses across multiple comment threads.  Their language, while critical, maintains a measured tone, suggesting an engaged but not frantic or overly emotional state. Other users like 'Heisenbergs Katze' express higher arousal with more emotionally charged language (e.g., ""Dürrekatastrophen,"" ""Brände""). 'schichtl herbert's' ""No Comment"" indicates low arousal and potential disengagement or apathy.",Negative,Moderate,"The user's comments consistently reflect negative valence, primarily frustration and disappointment with the election results and their perceived consequences.  Their detailed explanations and use of metaphors suggest a thoughtful engagement with the topic, indicating a genuine concern for the future of Australia.","Frustration, Disappointment, Concern","The context is online discussions about Australian politics following recent elections. The articles discuss the election results and their implications, including environmental concerns and the treatment of refugees, which directly influence the users' emotional responses.","The user 'DJinDownUnder' expresses frustration with the Australian electorate's choices, interpreting the election results as prioritizing financial gains over environmental and social issues. They see a disconnect between the government's actions and the needs of the population, particularly regarding climate change and social welfare.  Other users express similar disappointment and concern over the political situation.","The user conceptualizes the situation as a ""Krot"" that the younger generation will have to ""fressen"" (eat), a metaphor indicating the bitter consequences of the election outcome. They use terms like ""selfish,"" ""dumm,"" and ""Intelligenz unserer Species,"" revealing a critical judgment of the political landscape and the voters' choices.","Australian political and social norms, particularly the emphasis on economic prosperity, appear to clash with the user's values, leading to frustration and disappointment.  The user's language and expressions reflect Australian vernacular.","The user predicts a bleak future for younger Australians, marked by economic hardship and environmental damage, reflecting a pessimistic outlook based on the perceived trajectory of the current political climate.","While consistently negative in valence, the user's emotional expression shifts slightly in intensity across different comments, with more pronounced frustration when discussing specific policy issues like taxation and refugee policies.","The user's comments express a blend of frustration, disappointment, and concern. Frustration is evident in their criticism of the electorate and political system. Disappointment is expressed regarding the perceived short-sightedness of voters. Concern is apparent in their predictions for the future.  Elements of anger are also present, particularly in their critical language towards voters and politicians, though it is generally expressed in a controlled and reasoned manner.","Frustration, Disappointment, Concern, Anger","The user expresses a need for safety, particularly regarding environmental security and the future well-being of younger generations. Their comments also reveal a need for esteem, both for themselves as an informed citizen and for the Australian population as a whole, as they express disappointment in the perceived lack of intelligent decision-making.  There's a sense of unfulfilled self-actualization, as the user perceives the political situation as hindering the potential for positive social and environmental progress.",0,1,0,1,1
2024-09-27 14:35:02,user_216161_comments_1152_tokens,"Walter Sedlazcek's comments display a moderately aroused state.  His responses are concise and pointed, suggesting engagement without excessive excitement or agitation. The topics he engages with are politically charged, indicating a level of emotional investment, but his language remains relatively neutral in terms of explicit emotional expression.  The quick replies and engagement across multiple articles suggest alertness and interest.",Slightly negative,Moderate,"Considering the context, language, and targets of his comments, Walter's emotional state can be best described as a blend of skepticism, disbelief, and mild irritation. He is skeptical of the explanations given by politicians, disbelieving of their sincerity, and irritated by what he perceives as manipulative or disingenuous behavior.","Skepticism, Disbelief, and Mild Irritation","The context of Walter's comments is a series of articles related to the Ibiza affair, a major political scandal in Austria. The articles discuss questionable actions and statements by political figures. This context heavily influences Walter's emotional responses, fueling his skepticism and disbelief.","Walter appears to appraise the political situations presented in the articles with skepticism. He questions the credibility and sincerity of political figures, viewing their actions through a lens of distrust. This is evident in his questioning of Kurz's ""Glaubwürdigkeit"" and his dismissal of Gudenus's explanation as ""billig.""","Walter uses concise and pointed language to express his skepticism.  He employs rhetorical questions like ""Welche Glaubwürdigkeit?"" to directly challenge the presented narratives. He also uses colloquialisms like ""total dicht"" to express a dismissive attitude.",The Austrian political and cultural climate at the time of the Ibiza affair likely plays a role in shaping Walter's emotional responses. A general atmosphere of distrust in politicians could contribute to his skepticism and critical stance.,Walter's skepticism suggests a prediction of further negative revelations or a lack of meaningful change in the political landscape.  His comments hint at a belief that the behavior described in the articles is representative of a larger pattern of corruption or incompetence.,"While predominantly skeptical, Walter's emotions might fluctuate between mild amusement (""oder michael jackson..."") and stronger disapproval (""Das ist so billig, das ist unglaublich."").  The intensity of his responses seems to vary depending on the specific actions of the political figures being discussed.","Walter's comments suggest a blend of several emotions. His skepticism is evident in his questioning of political figures' actions. This skepticism is intertwined with disbelief, as he expresses doubt about the truthfulness of their statements. There is also a hint of irritation and disdain, particularly in his comments regarding Gudenus's justification, which he dismisses as ""billig.""  These emotions are intertwined, creating a complex emotional response to the political events discussed.","Skepticism, Disbelief, Mild Irritation, Disdain","Walter's engagement with political news and his critical stance suggest a concern for safety and security, potentially threatened by perceived political instability or corruption.  His comments also express a need for esteem, both in terms of his own self-esteem as an informed citizen and in his desire for ethical and competent leadership. He expresses disdain for those he sees as lacking integrity, indirectly asserting his own values and judgment.",0,1,0,1,0
2024-09-27 14:35:39,user_680949_comments_2841_tokens,"Ich.Poste demonstrates moderate arousal.  While engaging in discussions about socio-political topics, their language expresses concern, cautious optimism, and a degree of frustration. This suggests an activated state, though not excessively high or agitated.  The user's consistent engagement and responsiveness indicate ongoing interest and investment in the conversations.",Slightly negative,Moderate,"Ich.Poste's comments suggest a complex emotional landscape.  Their concern stems from observations of political dynamics and their potential negative impact on vulnerable populations. Their cautious optimism reflects a belief in the possibility of positive change but acknowledges the challenges in achieving it. The interplay of these emotions creates a sense of concerned optimism, driving their engagement in these discussions.",Concerned Optimism,"The user engages in online discussions on a news website, responding to various articles on political issues, primarily refugee aid and government actions.  The context is highly charged politically, involving discussions about policy, responsibility, and political motivations.","Ich.Poste expresses concern about political manipulation, particularly regarding the timing of certain events. There's a sense of skepticism towards the motivations of political figures.  Simultaneously, they maintain a degree of optimism about the possibility of positive change, primarily concerning aid and support for refugees. They emphasize personal responsibility in preventing human suffering. Their appraisal is influenced by a sense of social justice and a critical evaluation of political actions.","The user conceptualizes the refugee crisis as a complex issue requiring both immediate action and long-term solutions.  They employ metaphors of ""failed states"" and ""troll networks,"" revealing a belief in systemic issues and online manipulation.  Their language reflects a nuanced understanding of the situation.","The user's comments reflect values of social responsibility, likely rooted in European cultural norms and a sense of global interconnectedness.  They express concern for human rights, which aligns with broader cultural values in many European countries.","The user expresses predictions about potential political outcomes, such as new government formations, referencing past political events to support their speculations. They anticipate negative consequences if current trends continue, particularly regarding the treatment of refugees and potential political maneuvering.","Ich.Poste's emotional expression remains relatively stable, primarily demonstrating concern and cautious optimism.  There are subtle shifts in tone depending on the specific interaction; they engage more critically with opposing viewpoints while expressing more optimism when discussing potential solutions.","The user expresses concern for the well-being of refugees and the political climate. This is blended with skepticism toward the motivations of certain political actors.  Simultaneously, they express optimism for the potential of positive change, even if cautiously. These emotions interact to create a complex emotional response, reflecting a nuanced understanding of the situation and its potential outcomes.","Concern, Skepticism, Optimism","Ich.Poste's comments reflect a concern for the safety and well-being of refugees, indicating a focus on the need for safety and security. Their engagement in discussions about social and political issues suggests a need for belonging and connection with a community that shares similar values.  They express a sense of responsibility towards others, suggesting a desire to contribute to a sense of shared humanity and social connection. This aligns with the need for belonging and positive social relationships.",0,1,1,0,0
2024-09-27 14:37:27,user_679747_comments_2415_tokens,"Oul'Smonk demonstrates moderate arousal through their engagement in diverse discussions, ranging from sports and music to social issues and gaming.  The language used, while sometimes sarcastic and provocative, doesn't indicate extremely high or low activation. The quick replies and varied topics suggest an active interest and engagement.",Slightly Negative to Neutral,Moderate,"The language employed by Oul'Smonk consistently displays sarcasm and wit, often aimed at mocking or challenging other commenters. Their responses frequently involve ironic comparisons and exaggerations, indicating an intention to provoke or amuse. This pattern suggests a tendency towards negative appraisals, likely stemming from a cynical or critical worldview. The emotional responses vary in intensity depending on the context of the conversation, indicating a dynamic and context-dependent emotional landscape.","Sarcasm, Disdain, Amusement, Irritation","The context of online discussions allows for a certain level of anonymity and disinhibition, possibly influencing the expression of sarcasm and negativity.  The varied topics suggest an engagement with diverse news items, but the consistent sarcastic tone may indicate a broader disposition rather than topic-specific reactions.","Oul'Smonk seems to appraise situations with a critical and somewhat cynical lens, often expressing disdain or amusement at others' perceived naivety or emotional displays. Their comments suggest a judgment of certain behaviors as excessive or unreasonable.  There is also a sense of irritation at those exhibiting a perceived moral superiority.","Oul'Smonk's language utilizes sarcasm, dark humor, and witty retorts to express their perspective. The use of metaphors, like comparing a musical performance to ""a plate of cow dung,"" reflects a conceptualization of dislike as something disgusting or undesirable.  They appear to frame emotional expression as performative and often mock it.","The comments hint at a familiarity with internet culture and online humor, which often involves sarcasm and ironic detachment.  There might be an implicit critique of what is perceived as excessive emotional displays in online spaces. Societal norms regarding emotional expression may also play a role.","Oul'Smonk's comments often anticipate others' reactions, demonstrating a degree of social awareness, albeit a cynical one.  For instance, predicting that someone ""qualified for the non-reproduction list"" suggests an anticipation of a negative reaction to their comment.","While the overall valence leans towards the negative, there are shifts in intensity. For example, in the discussion about ""Game of Thrones,"" the sarcasm escalates in response to the other user's justifications, indicating a dynamic emotional response to the interaction.","The user's comments exhibit a blend of sarcasm, disdain, amusement, and irritation.  Sarcasm is evident in the ironic and mocking tone used to respond to other commenters. Disdain is apparent in the devaluing of certain emotional displays.  Amusement is suggested by the playful nature of some of the sarcastic remarks. Irritation surfaces in responses to perceived moralizing or virtue signaling.","Sarcasm, Disdain, Amusement, Irritation","While seemingly negative, the user's engagement suggests a need for interaction (Love/Belonging) and a desire to assert their intellectual superiority or wit (Esteem).  The provocative nature of the comments could be a way of seeking attention and validation within the online community, even if it's through negative interactions. The consistent sarcastic tone could also mask underlying insecurities or anxieties related to social belonging and self-esteem, potentially using humor as a defense mechanism.",0,0,1,1,0
2024-09-27 14:38:07,user_529302_comments_1206_tokens,"The discussion revolves around weight loss, a topic often associated with strong emotions.  Hagerhard's initial comments express confidence and perhaps a touch of pride in their weight loss method. AnimalsFirst's responses inject a degree of frustration and challenge, raising the arousal level. The subsequent exchange between AnimalsFirst, Abiona, and mcdh maintains this moderate arousal with a mix of curiosity, disagreement, and intellectual engagement.","Slightly negative to neutral. While hagerhard expresses some positive affect related to personal success, the overall tone of the conversation is tinged with disagreement and frustration, particularly from AnimalsFirst, who repeatedly challenges hagerhard's perspective.  Abiona and mcdh contribute with neutral curiosity and an attempt to understand AnimalsFirst's position, balancing the negativity somewhat.",Moderate,"AnimalsFirst's persistent challenges and use of phrases like ""You don't get it"" point to increasing frustration. Hagerhard's self-referential link suggests a degree of pride or self-promotion. Abiona and mcdh's clarifying questions indicate intellectual curiosity and a desire to engage constructively with AnimalsFirst's perspective. The use of emoticons (;-)) further nuances the emotional tone, suggesting a degree of playfulness despite the disagreement.","Frustration (AnimalsFirst), Confidence/Pride (hagerhard), Curiosity (Abiona, mcdh)","The context is an online discussion forum on a news article about weight loss.  This context promotes a certain degree of anonymity and allows for more direct expression of opinions, potentially contributing to the slightly more heated tone of the exchange.","AnimalsFirst appraises hagerhard's comments as simplistic and dismissive of external factors influencing self-discipline. Hagerhard appraises their own method as effective and based on personal experience.  Abiona and mcdh appraise AnimalsFirst's comments as intriguing but perhaps not fully developed, prompting them to seek further clarification.","The discussion uses concepts like 'self-discipline,' 'external factors,' 'motivation,' and 'societal influence.' These concepts are central to the debate and reflect differing views on personal agency and external forces in shaping behavior. The metaphor of the 'island' is employed by AnimalsFirst to illustrate their point.","Western cultural emphasis on individual responsibility likely plays a role in shaping the arguments, especially hagerhard's emphasis on self-control. AnimalsFirst's counterarguments also reflect a growing awareness of the influence of social and environmental factors on behavior, a perspective gaining traction in contemporary discourse.","Hagerhard seems to predict continued success with their method, extrapolating from past experience.  AnimalsFirst predicts that the dominant narrative around self-discipline will eventually shift, indicating a longer-term perspective. Abiona and mcdh's questions suggest an attempt to predict or simulate AnimalsFirst's reasoning, aiming for a shared understanding.","The exchange shows a shift from initial confidence (hagerhard) to increased frustration (AnimalsFirst) as the conversation progresses.  Abiona and mcdh introduce a degree of curiosity and a desire to understand the different perspectives, somewhat de-escalating the tension but maintaining engagement.",AnimalsFirst expresses a blend of frustration and skepticism towards hagerhard's viewpoint.  Abiona and mcdh exhibit a mix of curiosity and skepticism as they attempt to understand AnimalsFirst's arguments.  Hagerhard likely experiences a blend of confidence and perhaps a touch of defensiveness as their approach is challenged.,"Frustration, Curiosity, Confidence, Skepticism","Hagerhard's comments express a need for esteem, evidenced by the emphasis on personal achievement and sharing their weight loss method. AnimalsFirst's contributions suggest a need for self-actualization and intellectual understanding, reflected in their desire to challenge prevailing views and promote a deeper understanding of motivational factors.  Abiona and mcdh also demonstrate a need for understanding and intellectual engagement through their clarifying questions and exploration of different perspectives.",0,0,0,1,1
2024-09-27 14:38:40,user_50369_comments_1208_tokens,"David Palmer's comments display a moderate level of arousal.  His humor and engagement suggest some energetic investment, but it doesn't reach a high level of excitement or agitation.  While he offers pointed commentary, the overall tone remains conversational rather than intensely emotional.",Slightly negative,Moderate,"David's comments reveal a pattern of mild annoyance and dismissiveness towards certain aspects of consumer culture and customer complaints. This is conveyed through sarcasm, humorous comparisons, and a slightly cynical tone. His responses are concise and often challenge the perspectives presented in the articles or other comments.","Mild annoyance, sarcasm, dismissiveness","The context of online news commentary allows for a degree of anonymity and informality, which likely influences David's expression.  He engages in banter and pointed remarks, which are common in such online environments.",David seems to appraise the situations presented in the articles with a degree of cynicism and skepticism. He views some customer complaints as frivolous and some business practices as exploitative.,"David uses sarcasm and humor to express his views, conceptualizing the situations as somewhat absurd.  His references to specific figures like Hilmar Kabas suggest a framing of the events through a political/satirical lens.","David's communication style likely reflects the cultural norms of online discourse, where humor, sarcasm, and directness are often prevalent. His reference to Austrian political figures suggests an Austrian cultural context.",David's comments suggest a prediction that customer loyalty programs are ultimately manipulative and that consumers are often gullible.,"While there are slight variations in his tone across different comments, his overall emotional expression remains relatively consistent.","David's comments exhibit a blend of sarcasm, mild annoyance, and dismissiveness. The sarcasm serves as a vehicle for expressing his annoyance and dismissiveness towards what he perceives as unreasonable customer behavior and corporate practices. These emotions work together to create a slightly cynical and critical tone in his commentary.","Sarcasm, Mild annoyance, Dismissiveness","David's need for esteem is reflected in his desire to appear knowledgeable and witty in his comments. His critical stance can be interpreted as a way of asserting his intellectual superiority. His focus on consumer manipulation and exploitative practices also suggests a concern for safety and security, although indirectly expressed through cynicism.",0,1,0,1,0
2024-09-27 14:39:23,user_9194_comments_1920_tokens,"Akihykiab's comments exhibit a blend of moderate to high arousal. The language used, such as ""fanatical hate,"" ""hinterfotzig,"" and ""klägliche Karriere,"" suggests heightened emotional engagement.  Furthermore, the pointed criticisms and defensive posture towards Kurz indicate a state of activation, even in the comment praising him.  While not excessively agitated, the intensity of the language points towards more than just mild interest or passivity.",Negative to Mixed,Moderate to High,"The language used throughout the comments, particularly the derogatory terms and strong accusations, points towards disgust and contempt.  The criticism of Böhmermann's perceived motivations and methods reflects distrust. While defending Kurz, a sense of protectiveness or possibly righteous anger against those criticizing him can be inferred.  These emotional classifications are informed by Barrett's theory, recognizing that these emotional experiences arise from the user's constructed appraisals of the situation and individuals involved.","Disgust, Contempt, Distrust, possibly tinged with righteous anger","The comments are made within the context of news articles discussing the Strache scandal and its aftermath.  This politically charged atmosphere likely influences the user's emotional responses, particularly their distrust of media figures and strong defense of Kurz.","Akihykiab interprets Böhmermann's actions as malicious and driven by a ""fanatical hate"" for Austria. This interpretation fuels their negative emotional response.  They also perceive a manipulative element in Böhmermann's actions, aimed at self-promotion.  In contrast, Kurz is seen as unfairly targeted, possibly due to not aligning with specific political preferences, yet simultaneously viewed as behaving impeccably in a difficult situation. This seeming contradiction suggests conflicting appraisals driven by political biases.","The user employs strong, negatively charged language (""hinterfotzig,"" ""klägliche Karriere"") to conceptualize Böhmermann's character and motivations. This language reflects a moral judgment and a sense of disdain.  Conversely, their defense of Kurz, while acknowledging differing political views, is framed with terms like ""Fassung behalten,"" ""staatsmännisch,"" suggesting admiration for composure and leadership.","The comments reflect a potential cultural value of respect for political leaders, especially during times of crisis, shown through the defense of Kurz's composure. The strong condemnation of Böhmermann's satire could also align with cultural norms regarding respectful discourse or the seriousness of political matters.","Akihykiab's distrust of Böhmermann appears to stem from a prediction that his actions will further damage Austrian politics and reputation. Their defense of Kurz could reflect a hope that he can stabilize the situation.  Furthermore, the mention of ""Tratschweiber"" suggests an anticipated negative judgment from others and a preemptive defense against it.","Akihykiab's emotions appear consistent across comments related to Böhmermann, exhibiting a sustained negativity. However, there's a notable shift when discussing Kurz, moving from implicit disapproval by others to explicit defense.  This shift highlights the influence of the immediate discussion context on emotional expression.","Akihykiab's comments demonstrate a blend of disgust, contempt, distrust, and potentially anger. The disgust and contempt are directed towards Böhmermann, expressed through highly negative language. Distrust is evident in their skepticism of Böhmermann's motives.  The defense of Kurz suggests a potential undercurrent of anger towards those criticizing him, manifesting as protective advocacy.","Disgust, Contempt, Distrust, Anger","The comments express a need for safety, demonstrated by concern over the political stability of Austria in the wake of the scandal. The user's strong defense of Kurz can be interpreted as a desire for strong, competent leadership, fulfilling the need for safety and security within the socio-political landscape.  Additionally, the validation of Kurz's actions and the criticism of opposing viewpoints could reflect a need for esteem, specifically a desire for their political views to be recognized and respected, thus enhancing their sense of self-worth within the online community.",0,1,0,1,0
