Timestamp,User ID,Valence Thought,Valence Classification,Engagement Thought,Engagement Classification,Polarization Thought,Polarization Classification,Emotional Blend Thought,Emotional Blend Classification,User Need Thought,KNOWLEDGE,UNDERSTANDING,FEELING,DOING,KEEP_ME_ENGAGED,UPDATE_ME,EDUCATE_ME,GIVE_ME_PERSPECTIVE,DIVERT_ME,INSPIRE_ME,CONNECT_ME,HELP_ME
2024-09-27 13:00:59,user_534931_comments_1646_tokens,"While Lumachina shows positive emotional responses in some threads (e.g., the U-Bahn incident), her comments on political articles tend to exhibit more negative or critical valence. Her use of sarcasm and critical commentary indicates a more negative valence toward certain political issues. However, her overall engagement suggests she's not simply driven by negativity but by a need to participate and express her opinions within the existing cultural and social frameworks of the online news platform.","Mixed valence, with a tendency towards negative valence when discussing politics but positive valence when reacting to human interest stories.","Lumachina actively participates in online discussions, frequently commenting on political articles.  She is not just a passive reader; she actively seeks to engage with the content and other users, often using humor or sarcasm in her responses. Her comment timelines display a frequent engagement across several threads, showing sustained participation.  Her frequent use of exclamation marks also conveys enthusiasm, adding another layer to her engagement.","High engagement with news articles, particularly those relating to Austrian politics.","Lumachina's comments often express skepticism or cynicism towards certain political figures or events. Her responses to the article about Strache's EU mandate and the comments on the SPÖ suggest she holds a critical perspective on certain political events and figures. However, it is not strictly negative; she also displays amusement and humor in her expressions of criticism. Further analysis of her activity and other comments might reveal more details about her political alignment. The fact that she engages with news items in a variety of sections suggests her interests are multifaceted and not limited to just one single viewpoint.","Moderately polarized, leaning towards a critical and possibly left-leaning perspective on Austrian politics.","Lumachina's comments reveal a complex emotional landscape.  In the first thread, she expresses empathy and concern for the woman who collapsed on the U-Bahn. However, her response to the comment about the word 'knackevoll' hints at amusement or perhaps a slightly detached observation. Her subsequent comments on political articles show a mix of engagement, cynicism, and amusement.  The 'laufmasche' comment shows a playful engagement with political discourse but is also laced with undertones of frustration or feeling unheard.  These emotional responses are not simple; they are constructed from past experiences, cultural contexts (Austrian political landscape), and the immediate context of the online discussion.  The user seems to possess a strong capacity for empathy alongside a certain level of emotional distance and sarcasm when commenting on political topics.","A blend of concern, empathy, amusement, and perhaps a touch of cynicism, depending on the context.","Lumachina's engagement stems from multiple needs. She seeks to understand current events (Knowledge), connect with others who share her views or spark debate (Understanding), express her emotions and opinions (Feeling), and actively participate in online discussions (Doing).  Her comments suggest a desire to contribute to public discourse rather than passively consume news.",1,1,1,1,1,1,0,1,0,0,1,0
2024-09-27 13:01:30,user_26157_comments_1475_tokens,"The user's emotional expressions are largely characterized by negative emotions such as fear, distrust, contempt, and disgust. His comments are infused with cynicism towards political actors and demonstrate moral outrage in reaction to perceived wrongdoing (as exemplified by the comments regarding the German hikers).  Positive emotions are largely absent in his responses. The prevalence of negative emotions in his comments strongly suggests a negative valence.","Predominantly negative valence, with occasional displays of moral outrage and cynicism.","The user actively participates in discussions on a range of topics, suggesting a high level of concern and engagement. The detailed and opinionated nature of his posts strongly suggests an individual highly invested in these matters.  The choice to use a similar comment style in all articles contributes to a pattern which suggests a high engagement level, rather than a reactive, emotionally driven pattern.","High engagement with political and social issues, particularly those related to immigration and Austrian politics.","The user's comments express strong opinions and show little ambiguity, reflecting a highly polarized worldview. This is evident in his comments on immigration, where he explicitly articulates a preference for cultural homogeneity and expresses anxieties related to cultural differences.  His commentary about the FPÖ and SPÖ reflects a rigid ideological stance, suggesting low tolerance for alternative perspectives.  This suggests an interpretation strongly influenced by pre-existing beliefs and frameworks.","Highly polarized views, particularly on immigration and Austrian politics.","The user's comments reveal a complex emotional landscape.  Regarding immigration, there's a clear undercurrent of fear and distrust directed toward those perceived as culturally different. This isn't simple xenophobia; rather, it reflects anxieties about differing values and religious beliefs, showcasing a preference for cultural homogeneity. The comment about the German hikers suggests moral indignation at the hikers' behavior, coupled with a sense of contempt for their actions (possibly stemming from a sense of entitlement to be rescued without facing consequences). The comment regarding the SPÖ and FPÖ demonstrates a highly cynical, even contemptuous attitude toward Austrian politics, suggesting a belief in the self-serving nature of political actors. The user seems to be constructing emotions largely based on perceptions of threat and fairness.  This pattern points to a blend of emotions rather than a simple category like ""anger.""  The exact emotional blend will be further modified by any external factors that could be influencing the user’s interpretation of these events and his level of involvement with those events.","A blend of Contempt, Disgust, and perhaps a touch of Schadenfreude (depending on the extent of identification with the Austrian political context).","The user appears driven by a need for knowledge and understanding of societal issues and political dynamics. His comments suggest a deep-seated need to express his views and make sense of the events unfolding around him.  His emotional investments are clear, showing that he’s not merely seeking information but also seeking to process his emotional responses to these issues. This ties into a need to feel validated by a shared understanding of the issues, which may suggest a feeling of social isolation stemming from a lack of this validation.",1,1,1,0,1,1,0,1,0,0,1,0
2024-09-27 13:01:59,user_689781_comments_1770_tokens,"Overall, the valence of Herr Löwenzahn's emotional expression is slightly negative.  While he doesn't use explicitly angry or hateful language, his comments consistently cast doubt and skepticism on political figures and events. His sarcastic and ironic tone implies disapproval and a lack of trust. The prevailing emotion is one of negative evaluation and suspicion.  This is not a strong, intense negative emotion, but it does negatively skew his commentary consistently.",Negative,"Herr Löwenzahn actively engages with multiple articles, posting comments across various political news stories.  This indicates a high level of interest and engagement with the political landscape.  The frequency and timing of his comments suggest he is regularly checking the website and participating in discussions.  The fact that he is participating in a discussion (regardless of how skeptical that discussion is) indicates a level of engagement. ",High,"While not overtly expressing hatred or extreme negativity, Herr Löwenzahn's comments consistently cast doubt and raise questions about the actions of political figures.  He subtly challenges the narratives presented in the articles, often with sarcastic or ironic remarks.  This subtle negativity is not aimed at a particular political group but reflects a general cynicism towards the political establishment. While he isn't polarizing in the sense of expressing clear support for one side or another, his skepticism is consistently applied and therefore could be considered negatively polarized. ",Moderately Negative,"Herr Löwenzahn's comments consistently display a skeptical and questioning attitude toward the political figures and events discussed.  He doesn't express outright anger or outrage, but rather a detached observation laced with irony. For example, the comment ""Da ist ihnen wohl ganz feucht auf der Lippe geworden"" (Their lips must have gotten quite moist) regarding Strache's alleged actions is less an expression of moral indignation and more a sarcastic observation.  His questions, such as ""Warum war Kurz nicht in Ibiza?"" (Why wasn't Kurz in Ibiza?), imply suspicion and a desire to uncover hidden information, not necessarily strong emotional upset. The overall tone suggests a blend of skepticism and cynical amusement, rather than intense negative emotions.",Skepticism blended with a hint of cynical amusement,Herr Löwenzahn's comments suggest a strong need to understand the political events and the motivations of the individuals involved. He seems to be actively seeking information and interpretations through critical questioning.  The frequency and variety of his comments point towards information-seeking behavior.  His comments primarily cater to needs of knowledge and understanding. ,1,1,0,0,0,0,1,1,0,0,0,0
2024-09-27 13:02:25,user_105744_comments_2787_tokens,"The overall emotional valence of hockshank's comments is overwhelmingly negative. While there are no direct expressions of intense negative emotions like rage or despair, a consistent pattern of cynicism, sarcasm, and contempt emerges across his comments.  The absence of positive or neutral statements reinforces this negative valence.",Predominantly Negative,"Hockshank is highly active in the comment section, contributing frequently across a variety of articles.  However, his engagement is consistently negative and critical. He rarely expresses positive sentiment.  This persistent negativity suggests a strong motivation to express his dissatisfaction, even if it doesn't lead to productive dialogue.","Highly Engaged, but Negatively","Hockshank's opinions are clearly and strongly stated. His comments show no sign of nuance or willingness to consider alternative perspectives.  He consistently aligns with one side of the political spectrum in his contributions, showcasing strong ideological alignment. This lack of openness indicates a high degree of emotional polarization.",Highly Polarized,"The user's comments frequently express disdain and disgust towards various political figures, policies, and even popular culture phenomena (e.g., Dancing Stars).  The language used is often sarcastic and dismissive.  There's a subtle undercurrent of Schadenfreude – a feeling of pleasure derived from the misfortune of others – particularly noticeable in comments concerning political figures and events. This emotional blend suggests a deeply cynical worldview and a lack of trust in authority.","Contempt, Disgust, and a hint of Schadenfreude","Hockshank is using the online newspaper platform to express his views and opinions. The comments show a need to share his perspective, which he may perceive as underrepresented.  He also seems to find value in engaging with others, however negatively, by responding to other comments. He is not focused on acquiring practical information, but rather on asserting his position.",1,1,1,0,1,0,0,1,0,0,1,0
2024-09-27 13:02:57,user_692641_comments_1539_tokens,"While the primary emotional valence is strongly negative, fueled by outrage and disgust, there's a subtle undercurrent of hope visible in the user's comments about Brigitte Bierlein's appointment. This indicates a more complex emotional experience than simply negative affect.  It suggests a nuanced view of the situation that acknowledges the negative aspects but also leaves room for potential positive developments. The overall sentiment is negatively charged, but not without glimmers of potential future improvements.","Predominantly Negative, with elements of cautious hope","The user actively participates in discussions, posting multiple comments across different articles. The length and detail of their comments show a significant investment in engaging with the political climate and expressing their opinions, indicating a high level of engagement.  They are not simply reacting, but actively formulating arguments and presenting a nuanced perspective.",High,"The user's emotional responses are strongly polarized against Strache and the ÖVP, characterized by terms like ""moral high treason"" and strong condemnations of their actions. The negativity is targeted and specific to those figures and policies, rather than a generalized negativity toward all politics. There is, however, an underlying current of cautious hope, expressed indirectly, through the comment on the appointment of Brigitte Bierlein, suggesting a desire for more responsible governance.",Highly Negative towards Strache and the ÖVP; Cautiously Hopeful for the Future,"The user, 'ausgewogen09,' consistently expresses moral outrage regarding the actions and ideologies of Heinz-Christian Strache and, by extension, the Austrian People's Party (ÖVP).  The language used—'radical views,' 'moral high treason,' 'skrupellosigkeit' (scruplelessness)—reveals a strong sense of disgust toward what they perceive as a betrayal of Austrian democratic values. However, interwoven with this outrage and disgust is a deep concern for the future of Austria's democratic integrity and international standing. This blend of emotions demonstrates a complex emotional response that surpasses simple anger or disapproval.",Moral Outrage blended with Disgust and Concern,"The user seeks to understand and process the political situation in Austria.  Their engagement shows a strong need to express their feelings about the unfolding events and to contribute to the public discourse.  The detailed analysis of the events and references to history suggest that they are not only feeling but also seeking to understand the historical and political context.  Their comments implicitly call for action, urging for changes in government and a rejection of what they see as destructive policies.",1,1,1,1,1,1,1,1,0,0,1,0
2024-09-27 13:03:26,user_97204_comments_2632_tokens,"While there is clear disappointment and frustration expressed, the overall emotional valence of juanchito's comments is positive.  His passion and enthusiasm for the sport are evident, outweighing the negative emotions associated with the outcomes of specific matches.  This suggests that his emotional experience is strongly tied to his passion for football and engagement with the online community, rather than merely the wins and losses of his favorite team.","Predominantly positive, with occasional negative spikes","Juanchito is highly engaged with the online discussion, actively participating in multiple threads across various articles.  The frequency and length of his comments, as well as the depth of his analysis of game strategies and player performances, indicate a significant interest and investment in the topics. His interactions with other users, though limited, are relevant and add to the flow of the conversation.","High engagement, active participation","Juanchito exhibits clear support for Ajax, expressing disappointment when they don't succeed. However, this preference doesn't translate to negativity toward other teams; rather, he appreciates skillful and engaging football, as evidenced by his praise for Liverpool's performance against Barcelona.  His overall attitude remains positive despite the setbacks his favored team experiences, highlighting a balanced perspective on the broader context of the game.","Moderately polarized towards Ajax, but generally positive toward high-quality football","The user, juanchito, consistently demonstrates excitement and enthusiasm for the Champions League matches, particularly showcasing a strong preference for Ajax.  His comments are filled with positive language, such as ""herrlich,"" ""geile CL-saison,"" and expressions of hope (""hoffentlich fahrens volles programm""). However, this is interspersed with moments of frustration, mainly regarding missed opportunities and match outcomes, especially the Ajax games.  The disappointment is palpable in comments like  ""bitter bitter fuer die junge ajax-truppe"" and ""schad, dass es kein spiel um den dritten platz zwischen barca - ajax gibt."" These mixed emotions reflect a passionate engagement with the sport, showcasing both excitement and the inevitable disappointment experienced by sports fans.",Primarily positive with intermittent frustration and disappointment,"Juanchito's comments reveal a strong desire for knowledge and understanding of the game (analyzing tactics, players), feelings of excitement and disappointment, and an implied desire to be part of the discussion. His comments may be indirectly expressing a need for connection through shared passion for the sport.",1,1,1,1,1,0,1,1,0,0,1,0
2024-09-27 13:03:55,user_672719_comments_1244_tokens,"The overall tone suggests a negative valence due to the prevalence of dismissive and skeptical comments.  However, the detailed and playful engagement with the 'Ibiza countdown' story introduces a more positive valence – a curiosity and amusement in deciphering the puzzle.  This mix indicates a complex emotional experience, not a simple positive or negative categorization.  The negativity is not necessarily anger or hatred, but rather a form of critical engagement with a somewhat frustrating or disappointing reality (e.g., political scandals). The user's feelings are thus complex, nuanced and not neatly categorized.","Predominantly negative valence, but with instances of amusement and engaged curiosity.","Hawratil actively participates in commenting across various news articles.  The range of topics (politics, technology, media) indicates a broad interest.  The comment about the 'Ibiza countdown' is particularly telling – it demonstrates a significant investment of time and thought in interpreting and responding to a news story.  This high engagement, even with a seemingly cynical tone, contrasts with passive engagement, revealing a user that is actively involved in interpreting and reacting to current events within their frame of reference.","High engagement with news items, particularly those with a political or tech angle.","While Hawratil's comments often express skepticism ('Na sicherlich', 'Geh bitte!') and cynicism, they lack the overt aggression or hateful speech commonly associated with highly polarized responses.  The detailed comment about the Ibiza countdown, though potentially sarcastic, showcases intellectual engagement rather than outright hostility.  The comment on treating restaurant staff well also shows a capacity for empathy.  Therefore, the polarization is more reflective of a critical, questioning stance toward the news sources and events rather than extreme negativity or ideological fanaticism.","Moderately negative polarization, with tendencies towards skepticism and cynicism, but not overtly aggressive or hateful.","Hawratil's comments reveal a consistent pattern of short, somewhat dismissive remarks ('Na sicherlich', 'Geh bitte!', 'Das Netz spinnt').  These suggest a general skepticism toward the news presented. However, the elaborate, almost playful response to the Böhmermann/Ibiza countdown article introduces an element of amusement and engagement, hinting at a fascination with the intrigue. The underlying tone might include some frustration or cynicism with the political climate, as indicated by the dismissive remarks and the elaborate interpretation of the countdown puzzle which could also be perceived as sarcastic.  This complex emotional blend aligns with the theory of constructed emotion; emotions aren't pure, but rather a product of the brain's interpretation of events based on personal experience and cultural context.  It's not just 'anger' or 'sadness'; it's a nuanced combination shaped by Hawratil's unique experience with the news, and possibly political discourse.","A blend of skepticism, amusement, and perhaps a touch of frustration or cynicism.","Hawratil's comments suggest a need for knowledge and understanding of current events. The detailed response to the 'Ibiza countdown' demonstrates a strong desire to actively interpret and make sense of political happenings.  The comments also show an emotional response to the stories, indicating a need to 'feel' connected to the discourse and to express an opinion. The comment on staff treatment shows a need for justice and fairness.  Hawratil is not merely a passive news consumer; he actively engages with information, seeking understanding and expressing his emotional responses.",1,1,1,0,1,1,1,1,0,0,0,0
2024-09-27 13:04:29,user_518535_comments_1061_tokens,"While Boltzmann's overall emotional tone is negative, due to his anger and concern about political corruption, there are glimpses of hope and anticipation for justice and positive change.  This is reflected by his strong conviction that the mentioned politicians will face consequences.  His pride in the presidential elections shows positive feelings, but they are mostly overshadowed by the negative experience of the political situation.","Predominantly negative, but with moments of anticipation and hope.","Boltzmann actively participates in discussions, expressing strong opinions and engaging with other users' comments.  His repeated comments across multiple articles demonstrate a sustained interest in the political events.  His tone is often critical and analytical rather than purely emotional, suggesting an engaged citizen following the news with a strong personal stake in the outcome.  The return after a long time to comment shows a specific motivation to engage with the presented news.  The tone can be described as politically engaged and critical, suggesting a high level of participation and concern.",High engagement with a critical and analytical stance.,"Boltzmann's comments consistently express disapproval of the political figures and events described.  His hope for justice suggests a firm political stance, and his engagement in the discussion of political corruption shows a definite preference towards a specific perspective. The lack of any positive sentiment towards the described events shows a strong opposition.","Highly polarized, leaning towards opposition.","Boltzmann's comments reveal a complex emotional landscape.  His initial statement (""Habe mich extra seit langem wieder angemeldet um hier zu posten!"") suggests a strong feeling of indignation and perhaps even righteous anger regarding the political corruption described in the article.  The phrase ""Hoffentlich erwischt es jetzt alle!"" reinforces this. However, his subsequent comment (""Lachen oder weinen? Bin unentschlossen..."") indicates uncertainty and a blend of amusement and sadness related to the political situation. This blend reflects the complex emotional response to a perceived injustice where feelings of hope for justice are mixed with pessimism and uncertainty about the future.  The comment ""Gruselige Vorstellung"" adds a dimension of fear and apprehension regarding the potential consequences of the described political events.  The comment about the presidential election showcases a feeling of pride and hope. In summary, his emotional experience is a multifaceted blend that shifts according to the different news articles and interactions.","A blend of indignation, anticipation, and uncertainty.","Boltzmann's comments fulfill multiple needs: He seeks to understand the political situation (Knowledge), express his opinions and feelings about it (Feeling, Understanding), and implicitly calls for action or accountability (Doing). His engagement is related to obtaining information and to participation in a political discourse.",1,1,1,1,1,1,1,1,0,0,1,0
2024-09-27 13:04:56,user_501294_comments_1671_tokens,"Calculator's comments lean towards low or negative valence (skepticism, cynicism). However, the negativity is often tempered by a detached, analytical approach that doesn't necessarily indicate intense anger, sadness, or disgust. The comments lack overtly positive emotional expressions of excitement, joy, or hope. However, a subtle form of amusement or irony can be perceived in some of the comments, which suggests a complex emotional landscape beyond simply negative valence.","Predominantly negative or low-valence, but subtly nuanced.","Calculator's engagement is primarily intellectual rather than emotionally charged.  Their comments tend to be short, concise, and analytical.  They observe, comment, and offer a perspective, but rarely reveal deep emotional investment in the specific issues. This limited emotional engagement is consistent with the concept of constructed emotion; the user's experiences and cultural context likely shape their emotional response towards a more analytical and less intensely emotional engagement with online news.","Low emotional engagement, primarily driven by analytical observation.","While Calculator's comments often express skepticism, they avoid overtly strong emotional stances, either positive or negative.  Their cynicism isn't directed at any one particular ideology or political party; rather it's a generalized skepticism toward institutions and authority figures.  The 'No Comment' response shows this detachment, and the comments concerning Kurz suggest critical analysis rather than strong party affiliation. There isn't explicit strong polarization.","Slightly negative or cynical, but not strongly polarized.","Calculator's comments rarely express strong positive or negative emotions directly.  Instead, they often convey a sense of detached observation, skepticism toward authority figures and established narratives, and a dry wit.  For example, the comment ""No Comment"" on the article about the Kremlin-critical blogger suggests a refusal to engage with the issue, possibly due to a perceived lack of clarity or excessive sensationalism, or perhaps to avoid any appearance of expressing opinions about the subject.  In the context of the Kurz articles, his comments show a cynical undertone questioning political motivations rather than expressing anger or support. The ""Ich bin kein Rassist, aber... Aber!"" comment exemplifies this blend: It acknowledges societal sensitivities about racism while hinting at a deeper, unexpressed opinion, a characteristic approach of someone detached and observant. His response to the article about professors' business dealings shows cynicism ('Die Unis verdienen in der Regel ganz gut mit.') He consistently demonstrates a distanced analytical perspective rather than overtly emotional engagement.","A blend of skepticism, detachment, and perhaps subtle amusement or irony.","Calculator's comments suggest a need for knowledge and understanding of the events. They seek to analyze situations, question assumptions, and add their observations.  They are less focused on emotional catharsis or sharing deeply personal feelings. The comments aren't primarily driven by needs for connection or emotional support. The goal appears to be to provide critical commentary informed by a rational and detached perspective.",1,1,0,0,0,0,1,1,0,0,0,0
2024-09-27 13:05:25,user_518684_comments_1613_tokens,"The overwhelming majority of comments express negative emotions. While some comments may contain slivers of positivity (such as one comment celebrating the election outcome), this positive valence is significantly overshadowed by the intense negative valence expressed by many commenters. Using the circumplex model, we can describe many of these responses as having high arousal, ranging from frustration, anger, and concern, rather than low-arousal negative emotions such as sadness or disappointment.","Predominantly negative valence, with intense expressions of frustration, anger, and concern.","The user 'DJinDownUnder' actively participates in the discussions, engaging in multiple threads and responding to other commenters.  The length and detail of their comments demonstrate a deep investment in the issues. They are not simply expressing opinions, but actively arguing a point of view and attempting to persuade others, indicating a high level of engagement and a drive for social influence.  The other users' comments also suggest an engaged readership, expressing passionate reactions to the events and policies discussed.","High engagement, driven by strong opinions and a desire to influence others.","The comments are heavily weighted towards negative emotions and criticisms directed at the government. The discussion largely centers around perceived failures in environmental protection, refugee policy, and economic management. The strong negative reactions indicate a highly polarized emotional landscape, with a clear divide between those who support the government and those who strongly oppose it.","Highly polarized, with significant negativity towards the current government and its policies.","The comments reveal a complex emotional landscape.  The user 'DJinDownUnder' expresses frustration and disillusionment with the Australian political system and its electorate, highlighting perceived apathy, greed, and lack of informed decision-making ('Mittlerweile zweifle ich an der Intelligenz unserer Species....'). This is interwoven with concern for the environmental consequences of government policies and the suffering of refugees ('die nächsten Dürrekatastrophen und Brände', 'Suizidversuche in Flüchtlingscamp').  The anger is directed at the political establishment, perceived as prioritizing profit over the well-being of the population and the environment.  The repeated emphasis on negative consequences and lack of hope points towards a possible underlying current of despair.  Other users echo similar sentiments, expressing anger, frustration ('Es ist ein Wahnsinn was in Österreich passiert'), and cynicism ('Das ist halt die angelsächsische Mentalität der australischen Elite').  These individual emotional responses combine to create a shared emotional context of negativity, with frustration and concern forming the dominant emotional blends.","A blend of frustration, disillusionment, and concern, with undercurrents of anger and perhaps even despair.","The users appear to have a strong need for understanding of the political and social issues, expressing their opinions and concerns to share their feelings. In essence, they are seeking connection by engaging in debate.  The frequent use of factual data suggests a need for knowledge and evidence.   There's also a sense of wanting to 'do' something – influencing others' opinions or spurring action.",1,1,1,1,1,1,1,1,0,0,1,0
2024-09-27 13:05:53,user_216161_comments_1152_tokens,"The overwhelming majority of Sedlazcek's comments express negativity.  His word choices and the tone of his remarks consistently convey disapproval, contempt, and disgust.  There is no evidence of positive or neutral emotional expression in the provided data.",Predominantly Negative,"Walter Sedlazcek actively participates in discussions, providing comments on several articles related to the Austrian political scandal.  The frequency and timing of his comments suggest a high degree of engagement with the topic.  He isn't just passively consuming the news; he is actively contributing his viewpoint to the online community.",High,"Walter Sedlazcek's comments are almost entirely critical.  He expresses strong disapproval toward the politicians involved, consistently expressing negativity.  There's a lack of any positive or balanced commentary in his contributions.  This strongly polarizes his emotional response towards the negative.",Negative,"Walter Sedlazcek's comments consistently display a negative valence.  His remarks suggest a lack of respect and disdain ('billig, das ist unglaublich') for those involved in the political scandals. The repeated focus on the intoxication and perceived foolishness of the politicians involved ('total dicht') points towards disgust.  The fact that these scandals involve powerful figures hints at a possible element of Schadenfreude, a feeling of pleasure derived from another's misfortune. However, this is less pronounced than the feelings of contempt and disgust.","Contempt, Disgust, and perhaps a hint of Schadenfreude","Sedlazcek seems driven by a need to understand the unfolding political situation and to express his feelings about it. His comments suggest a desire to share his interpretation and engage in the collective judgment of the events.  He’s not looking for solutions or practical advice, but rather an outlet for his critical views and a sense of shared understanding within the community.",1,1,1,0,1,1,0,1,0,0,1,0
2024-09-27 13:06:23,user_680949_comments_2841_tokens,"While the user's comments indicate concern and empathy for refugees, there's also a considerable presence of negative emotions such as cynicism, distrust and frustration toward political actors and processes.  The use of sarcasm ('Left-wing idiot') further adds to the mixed valence. The emotional balance between positive and negative sentiments is not equal; the negativity associated with political cynicism appears to dominate the overall tone.",Mixed valence; comments reflect both positive (concern for refugees) and negative (cynicism toward political systems) emotional responses.,"The user consistently posts comments across a variety of articles related to refugee policy, political corruption, and pensions. He/She doesn't just passively react to articles; instead, he actively engages in discussions, responding to other users' comments and putting forth his own opinions and arguments. The volume of comments and the length of some responses reflect the user's significant engagement with the online platform and the topics discussed.","High engagement; actively participates in discussions, offering opinions and engaging with other users.","Ich.Poste's comments express strong opinions and present a viewpoint which could be categorized on the left-leaning side of the political spectrum.  The user's engagement with issues like refugee aid and political corruption indicates a level of political polarization.  However, the user also interacts with users expressing strongly opposing views, suggesting that the polarization is not absolute;  the user displays an interest in dialogue, rather than simply expressing opinions without any engagement with conflicting viewpoints.",Moderately polarized; expresses strong opinions and engages in discussions that display ideological positions.,"The user's comments reveal a complex emotional landscape.  While expressing concern for the plight of refugees ('I am against every single refugee, because I would prefer that these people have no reason to flee and live happily with their families where they come from. For this, wealthy Europe and our government, as part of the EU, should work.'), there's a strong undercurrent of cynicism and distrust towards political institutions and their motives. This is evident in comments questioning the timing of investigations ('why is this coming to light now, under Türkis/Blau?'), suggesting hidden agendas ('my fear is that this is only an attempt to get rid of Pilnacek in order to replace his position with someone close to Kurz'), and generally expressing skepticism about the ability of authorities to solve complex problems.  The sarcastic self-designation 'Left-wing idiot' further complicates the emotional picture, suggesting a possible element of self-deprecating humor or defiance in the face of perceived criticism. This emotional mix highlights the influence of socio-political context on emotional experience.  Instead of simply feeling 'concerned' or 'angry', the user's emotional response is a constructed blend reflecting a perceived failure of political systems to address humanitarian issues.",A blend of apprehensive concern for refugees and cynical distrust of political actors.,"The user's comments suggest a need for knowledge and understanding of political events, coupled with a desire to express feelings and opinions about these events.  The desire to 'do' something, however, is expressed more indirectly. The user does not seem to be actively seeking out ways to contribute directly, but they engage to express their opinion and contribute to the discussion in the context of a news article, suggesting a degree of vicarious action or engagement.",1,1,1,1,1,1,1,1,0,0,1,0
2024-09-27 13:06:55,user_679747_comments_2415_tokens,"The overall valence of 'Oul'Smonk''s comments leans toward negative affect, primarily due to their cynical and sarcastic tone. They express amusement and delight in critiquing others' expressions, which suggests a satisfaction derived from social dominance through wit and observation. However, this negativity is interwoven with elements of positive affect derived from social interaction and witty commentary, creating a complex valence rather than a simple negative or positive classification.  In the constructed emotion framework, this mixed valence signifies that the user’s emotion is produced by an integration of their internal state and their social evaluation of various situations and their responses.",Predominantly negative valence with elements of positive affect.,"The user actively participates in multiple discussions, responding to diverse topics ranging from politics ('Gabalier ban'), current events ('Teacher and Lover Accused'), sports ('Liverpool Wins'), and pop culture ('Game of Thrones').  Their engagement is consistently marked by a distinctive style that uses sarcasm, dark humor, and irony to provide commentary, suggesting a high level of engagement with online discourse.  Their participation is less driven by expressing personal feelings and more motivated by engaging in witty verbal sparring and highlighting perceived absurdities in others' emotions or opinions. This suggests the user constructs emotional meaning through a social lens; engagement is not purely about conveying self-experience but about interacting with and commenting on the experiences of others.",High engagement with a focus on ironic and cynical commentary.,"While 'Oul'Smonk' doesn't express extreme opinions, their responses frequently display a skeptical and cynical outlook.  They seem to challenge the authenticity or intensity of emotional displays in others, particularly in the 'Game of Thrones' discussion. This subtly polarized position is not characterized by aggressive antagonism but more by ironic detachment and a tendency to challenge conventional emotional responses. Within Barrett's theory of constructed emotion, this polarization is manifested in their preference for an ironic and detached mode of engagement rather than direct emotional expression, indicating that their emotional experience is constructed based on this interaction with others and a focus on critical observation.","Moderately polarized, leaning toward cynicism and skepticism.","The user, 'Oul'Smonk', consistently engages in witty, sarcastic, and often darkly humorous comments across various discussion threads.  Their responses frequently demonstrate a detached, almost observational perspective on the emotional expressions of others. For example, in the Gabalier discussion, their response to 'Nik M''s analogy of a bad band to 'a plate of cow dung' is to up the ante with the 'gulasch-in-the-face' scenario; this highlights their amusement and enjoyment of pushing boundaries, rather than indicating a direct emotional engagement with the initial comment itself.  Similarly, in the 'Game of Thrones' thread, their response to 'FranzKpunkt''s emotional reaction is to indirectly mock the user's apparent self-importance.  These comments suggest that 'Oul'Smonk' experiences a mixture of amusement derived from social dynamics and a cynical outlook on emotional displays, particularly from those who engage in what they perceive as excessive or performative emotional expressions. Their lack of direct, personally-invested reactions points toward a construction of emotion that prioritizes detachment and irony.","A blend of amusement, cynicism, and a detached observation of human behavior.","The user demonstrates a need for knowledge and understanding through their engagement with multiple articles and diverse topics, showing curiosity and a desire to engage in a discussion. Their engagement suggests a need for social interaction and to share their perspective, influencing the emotional landscape of the online community. Their use of humor is a way to engage with people; showing that they need connection. Their cynical comments show that the user wants to express their feelings, and doing so through irony and critique fulfills that need.",1,1,1,1,1,1,1,1,1,0,1,0
2024-09-27 13:07:29,user_529302_comments_1206_tokens,"Overall, the valence is somewhat negative, marked by frustration, skepticism, and the challenging of existing viewpoints. However, there are positive elements – hagerhard's sense of accomplishment, for instance.  AnimalsFirst's perspective, though critical, also stems from a desire for a more complete and arguably 'more positive' understanding of behavior change; even the skepticism is a form of positive engagement, as it is motivated by the desire to understand more. Therefore, while negativity is present, it does not define the whole emotional landscape.","Mixed valence, predominantly negative but containing elements of positive affirmation.","The length of the thread and the number of replies indicate high engagement with the topic of weight loss and the methods used. The back-and-forth exchanges reveal a highly argumentative style of engagement, with individuals actively questioning and challenging each other's viewpoints.  This interaction reflects a desire to explore the subject in depth, not merely to passively read or comment.",High engagement; argumentative and inquisitive.,"The thread is split between those who emphasize self-discipline as a primary driver of weight loss (hagerhard) and those who argue for the significance of external factors and the limitations of individual will (AnimalsFirst).  While there's not outright hostility, the differing perspectives create a clear polarization around the core issue.  It is less about polarized emotions and more about polarized explanations.",Moderate polarization around the efficacy of self-discipline in weight loss.,"The comment thread reveals a complex emotional landscape.  AnimalsFirst displays frustration with the perceived simplicity of hagerhard's weight-loss method, viewing it as lacking depth and ignoring underlying psychological factors.  Their repeated emphasis on 'external factors' and criticism of self-help approaches suggests a belief in the limitations of purely individual willpower and a sense of intellectual superiority stemming from their more nuanced understanding of behavior change.  There is a defiance in their rejection of conventional self-help narratives. This blend is not a simple 'negative' emotion but rather a multifaceted experience driven by a clash of perspectives and frustration with a perceived lack of insight in others.",Frustration blended with a sense of intellectual superiority and subtle defiance.,"The user needs are expressed through a desire to share knowledge (hagerhard's weight loss method), to challenge and explore understanding (AnimalsFirst's critique), to understand and articulate personal feelings (the underlying motivations for weight loss and self-discipline), and a subtle impulse towards self-improvement (the implicit goal of weight loss).",1,1,1,1,1,0,1,1,0,0,1,0
2024-09-27 13:07:55,user_50369_comments_1208_tokens,"Overall, Palmer's comments demonstrate a mixed emotional response. While cynicism and skepticism are notable, he seems less interested in directly expressing anger or frustration.  Instead, his comments contain amusement and ironic detachment, which, although not positive in the traditional sense, introduce elements of satisfaction from observing and interpreting events in a critical manner. The balance leans more towards negative, reflecting his skeptical and cynical nature.","Mixed valence, leaning towards negative affect but with elements of positive affect like amusement.","David Palmer actively participates in online discussions, demonstrating an interest in both consumer-related topics (loyalty cards, telecommunications) and incidents that contain elements of irony or humor (the bar fight). His comments often offer counter-narratives or insightful perspectives.  His engagement is characterized by brief, provocative comments aiming to add to the conversation with some unexpected twist.",High engagement with news articles focusing on consumer issues and humorous incidents. ,"Palmer's comments consistently challenge the status quo. While not aggressively combative, his interventions frequently undermine commonly held beliefs or assumptions. He uses humor and irony to present counterarguments, creating a sense of polarization by indirectly questioning the assumptions of others. His views demonstrate a slight cynical and skeptical leaning towards certain societal norms and consumer practices.","Moderately polarized, leaning towards a cynical and skeptical perspective.","David Palmer's comments reveal a complex emotional landscape.  His initial query about a 'Sacher with Schlag' in the context of the bar fight suggests a detached, almost amused observation of the situation.  The later comment linking the bar fight to a YouTube video of a similar incident hints at a degree of skepticism towards the official narrative, possibly suggesting the incident was not as unexpected or unusual as it might seem. The linking of the video itself, however, can be interpreted as possessing some element of dark humor or schadenfreude; a subtle enjoyment in the misfortunes of others.  The combination of these suggests a non-empathetic view that appreciates the ironic and humorous elements in a potentially serious situation.","A blend of amusement, skepticism, and perhaps a touch of schadenfreude.","David Palmer's comments fulfill several needs: (1) Knowledge: He seeks to understand situations and facts, questioning narratives and offering alternative interpretations. (2) Understanding: He aims to clarify and explain complexities in consumer practices and real-world events through comments, provoking further discussion. (3) Feeling: His comments reflect amused detachment and possibly a sense of superiority derived from observing and critiquing commonplace events. (4) Doing: His actions show engagement with the media, shaping the online discussion through provocative and thought-provoking comments. ",1,1,1,1,1,0,1,1,1,0,0,0
2024-09-27 13:08:22,user_9194_comments_1920_tokens,"The overall valence of Akihykiab's comments is overwhelmingly negative.  This negativity is evident in the consistently critical and disparaging language used to describe Jan Böhmermann and his actions.  Even when addressing unrelated topics, there is a lingering undercurrent of negativity reflected in the comments.  The negative valence is not simply a reaction to specific events, but also part of a broader worldview.  According to the theory of constructed emotion, this negativity is not a pre-existing state but a result of how the individual interprets and processes information.  The user's subjective interpretation colors their emotional experience, resulting in a prevailing negative valence.",Negative,"Akihykiab actively participates in discussions, providing multiple comments across different articles.  This indicates a high level of engagement with the platform and the topics discussed. The user's comments are not merely brief reactions but instead contribute meaningfully to ongoing conversations, suggesting a deep involvement in the online community and a desire to share their views. This level of engagement underscores that emotional responses are not static or isolated but rather part of an ongoing process of interaction and meaning-making.",High,"Akihykiab's comments exhibit strong negative sentiment towards Jan Böhmermann and, to some extent, towards certain political figures and institutions.  Their responses show little nuance or attempt at understanding opposing viewpoints.  The user's language is often accusatory and judgmental, which further strengthens the highly negative polarization.  This pattern of emotional polarization is noteworthy within the context of constructed emotion because it indicates how pre-existing beliefs and attitudes heavily influence the way individuals interpret and respond to events. The negativity is not merely a reflection of events but a consequence of the individual’s worldview.",Highly Negative,"Akihykiab's comments consistently express negative emotions towards Jan Böhmermann, often laced with contempt and disgust.  The user's language suggests a strong aversion to Böhmermann's actions and motives.  For example, the description of Böhmermann as being ""led by fanatical hatred"" and his methods as ""underhanded"" and self-serving points towards contempt and moral disgust.  In addition, there's also some suggestion of anger directed at what Akihykiab perceives as Böhmermann's attack on Austria. This emotional blend aligns with the theory of constructed emotion because it highlights the interpretation and evaluation of the event rather than a simple, isolated emotional response. The user's negative assessment of Böhmermann's actions is clearly influenced by a particular cultural and political viewpoint.","Contempt, Disgust, Anger","Akihykiab's comments suggest a need for knowledge and understanding of the events surrounding the Ibiza affair and its implications.  They appear driven by a desire to express their opinions and feelings, particularly their negative feelings towards Böhmermann's actions.  Their long and detailed comments point to a deep engagement with the topic and a desire for a comprehensive understanding, rather than simple information-seeking.  In relation to specific user needs, the comments fulfill a desire to feel connected to other users who share a similar viewpoint while also seeking to educate others about their own perspective. There is a desire to keep the reader engaged, even to the extent of provoking a reaction.",1,1,1,0,1,0,1,1,0,0,1,0
2024-09-27 13:08:53,user_581893_comments_2464_tokens,"The user's comments frequently express skepticism and highlight inaccuracies.  However, his style includes subtle sarcasm and irony, softening the negativity and implying a degree of amusement at the inconsistencies or oversights he points out. He does not express strong negative emotions like rage or anger, instead choosing to challenge viewpoints using indirect expressions and questioning the credibility of presented information.  This suggests a complex emotional state rather than simple negativity.","Predominantly negative, but subtly humorous","DerBaumSteinBaum actively participates in discussions, often adding short, pointed comments that challenge others' claims or highlight perceived inconsistencies. This behavior suggests a high level of engagement, but his communication style is indirect and sometimes sarcastic, indicating a passive-aggressive approach to expressing his opinions. His comments are concise and to the point; rather than initiating lengthy arguments, he seems to prefer subtle digs and challenges. This points towards a nuanced form of engagement that is more indirect and often under the surface.","High engagement, passive-aggressive style","The user's comments show a tendency to challenge the viewpoints expressed by others in the discussions.  He doesn't seem aggressively antagonistic, but consistently offers counterpoints and questions the assumptions of other commentators. His position is not overtly political but is more of a contrarian stance, questioning commonly accepted figures and opinions. This indicates a mild level of polarization but more in the sense of a challenge to the consensus rather than strong attachment to a specific opposing viewpoint.","Mildly polarized, contrarian","The user's comments reveal a skeptical attitude towards claims of large crowd sizes and official figures, particularly in the context of political events.  His response ""wusste gar nicht das man nur auf Asphalt stehen kann"" shows a degree of ironic amusement towards the rigid interpretation of crowd size estimations.  In the discussion about internet speeds, the repeated emphasis on upload speeds suggests a focus on a specific aspect of service quality rather than outright anger. This could be interpreted as a form of playful contrarianism or a more nuanced expression of dissatisfaction.  His comment about Anthem's development time shows he possesses a significant amount of knowledge and thus a potentially more nuanced emotional experience than basic labels could describe.  This pattern suggests skepticism isn't merely negativity, but a way of engaging with information and challenging authority.",Skepticism blended with mild amusement,"The user's comments indicate a need to engage with information critically and challenge claims he believes are unsubstantiated. He seeks knowledge and understanding on matters of fact such as crowd sizes, internet speed metrics and game development timelines.  His desire to clarify and correct inaccuracies or oversimplifications reflects a pragmatic approach to information consumption.",1,1,0,0,0,0,1,1,0,0,0,0
2024-09-27 13:09:19,user_635665_comments_2036_tokens,"The overall valence of Opa Knack's emotional expressions is predominantly negative.  His comments are filled with fear, anger, and contempt, and he expresses considerable concern and distress regarding the current political landscape. While some aspects might show a trace of dark humor or sarcasm (e.g., comment about schools for disruptive kids), the dominant emotional tone remains intensely negative.",Negative,"Opa Knack actively engages in online discussions, frequently commenting on politically charged articles. The number of comments and their length suggest a high level of involvement and strong opinions. His consistent participation across multiple articles indicates a sustained interest in political news and a willingness to express his perspective publicly.",High,"Opa Knack's emotional responses are highly polarized. His views are firmly rooted in opposition to the FPÖ, and his language expresses strong negative feelings toward the party and its supporters.  He does not show any nuance or attempt to understand opposing viewpoints, further highlighting his strongly polarized emotional landscape.",Highly Polarized,"Opa Knack's comments reveal a complex blend of emotions.  His fear is evident in statements like ""Es ist total beängstigend, wie die das Volk aufhetzen!"" (""It's totally frightening how they are inciting the people!"") and ""Und ich fürchte den Tag, an dem sich dieser blinde Hass entlädt."" (""And I fear the day when this blind hatred explodes."")  This fear seems to stem from his perception of rising political polarization and societal unrest.  His anger is directed towards the FPÖ (Freedom Party of Austria), expressed through accusations of inciting hatred and his cynicism about the political system.  Finally, there's a distinct undercurrent of contempt for those who support the FPÖ, seen in his comments about people being ""a bisschen blöd"" (""a bit stupid"") and his suggestion to treat them like children or even ""entmündigen"" (disenfranchise) them. These intertwined emotions reflect a deep-seated concern about the state of society and a negative judgment towards a specific political group.","Fear, Anger, and Contempt","Opa Knack demonstrates a need to process and understand the current political climate. His frequent commentary suggests he wants to make sense of the events he reads about and share his interpretations with others. The depth of his emotional involvement suggests that the issues he's engaging with are personally meaningful and resonate on a visceral level. He is not simply seeking information, but also seeking validation for his emotional responses and ways to make sense of the negative emotions he's experiencing.",1,1,1,0,1,1,0,1,0,0,1,0
2024-09-27 13:09:50,user_573572_comments_2497_tokens,"The overall emotional valence in TOBIHA's comments leans towards the negative, primarily reflecting frustration, cynicism, and a sense of disillusionment.  However, it is crucial to note that this negativity isn't devoid of other emotions. Concerns for others are shown in several responses concerning refugees and other social issues.  The user's analytical and critical approach indicates a more nuanced emotional landscape than simply negativity.  Their engagement implies that they are not just negatively impacted by the information but are also deeply involved in understanding the broader context and implications of events, seeking answers to complex questions. Therefore, the user is actively constructing their emotional experiences through a lens of critical engagement.","Mixed valence, predominantly negative but with elements of concern and critical analysis.","TOBIHA actively participates in online discussions, contributing numerous comments across various news articles.  The nature of their contributions suggests more than passive consumption. Their comments are often analytical, questioning, and at times, confrontational. They directly address arguments made by other users, indicating a desire to engage in a dialogue and actively shape the online conversation. The depth and detail of their responses go beyond simple agreement or disagreement, demonstrating a significant level of engagement with the information and other users' perspectives. This high engagement level, paired with a consistently critical outlook suggests a user deeply invested in understanding the news and expressing their interpretations and concerns.","High, critical engagement.","While TOBIHA doesn't express extreme or overtly biased views, their commentary reveals a tendency toward skepticism and critical analysis, particularly regarding political and social issues.  They challenge mainstream narratives and frequently point out potential flaws or biases in the presented information. Their engagement with different articles and opinions shows a wide-ranging perspective, not entirely positive or negative, but consistently analytical and potentially critical. Their responses to others' opinions suggest an independent stance, although this doesn't necessarily equate to strong emotional polarization towards any particular ideology. Rather, it suggests a thoughtful consideration of all angles before forming their own position.","Moderately polarized, leaning towards critical skepticism.","The user, identified only as ""TOBIHA,"" consistently engages with news articles concerning international relations, political conflicts, and social issues.  Their comments reveal a pattern: they frequently express critical opinions, often tinged with cynicism and a sense of disillusionment.  However, this isn't purely negative. While there's frustration with political systems and human behavior (e.g., ""Das hätte es unter Hillary nie gegeben""), there's also a thoughtful concern underlying their remarks.  Their comments on the refugee crisis, for instance, indicate a complex emotional response encompassing empathy alongside a critical analysis of systemic issues.  The detached tone they sometimes employ seems more like a coping mechanism than complete apathy.  Overall, it is a complex mix of emotions. Analyzing individual comments provides more insights. Their response ""Satire? Ja, deshalb grün."" to the comment suggesting that Iran's hardliners benefit from the US's actions, hints at sarcasm and a potentially amused response to the absurdity of the geopolitical situation. However, this is also combined with the underlying tone of concern and frustration with the situation.  Therefore, using Barrett's theory, we see the construction of emotions shaped by their experiences and interpretations of news.  Their cynicism might result from repeated exposure to negative news, fostering a sense of hopelessness or frustration.  The expression of concern indicates their ability to empathize and understand the suffering of those impacted by events.","A blend of frustration, concern, and a degree of detached observation.","TOBIHA's engagement suggests a profound need for knowledge and understanding of complex social and political events.  The user actively seeks information and engages in critical analysis, suggesting a desire to make sense of the world around them. The emotional tone indicates a need to process and express feelings about these events, indicating a substantial emotional investment in staying informed and understanding the complexities of the issues.",1,1,1,0,1,1,1,1,0,0,0,0
2024-09-27 13:10:17,user_653251_comments_1397_tokens,"While Max58's comments express a range of emotions, the overall valence is negative.  Frustration, anger, cynicism, and indignation dominate his expressions.  However, these negative emotions are modulated by an underlying sense of self-righteousness and a belief in his own superior work ethic, which serves as a coping mechanism to manage the negativity. This self-righteousness is a key component of the emotional construction, contributing to a somewhat defensive and judgmental tone.","Predominantly negative valence, with elements of self-righteousness and occasional frustration.","Max58 actively participates in online discussions on various topics, demonstrating a high level of engagement. His comments are detailed, opinionated, and often critical of existing systems and policies.  His consistent participation suggests a strong interest in shaping public discourse around these issues.  His tone can be described as highly involved and opinionated, bordering on aggressive when confronted with opposing perspectives.","High engagement with socio-political issues, particularly those related to environmental policy, immigration, and the justice system.","Max58's comments reflect a high degree of polarization. He exhibits strong opinions and a tendency to categorize people into simplistic groups (""Grün Fundis,"" ""lazy people relying on state support""). He offers little room for compromise or alternative perspectives, often resorting to generalizations and harsh judgments.  This suggests an emotional response shaped by strongly held beliefs and a rigid worldview.","Highly polarized views, characterized by strong opinions and a lack of nuance in his discussions.","Max58's comments reveal a complex emotional blend.  His experience with the bureaucratic hurdles of obtaining government funding for renewable energy (PV-Anlagen) evokes frustration and anger (""viel Arbeit, kompliziert, Geld habe ich bis heute noch keine bekommen!""). This is compounded by a sense of injustice, as he perceives the system as unfair and inefficient.  His cynicism towards those perceived as relying on state support, particularly in the context of refugees, suggests righteous indignation.  This is a blend of negative emotions; however, there is also a strong element of self-righteousness in the way he presents his own hard work in contrast to what he sees as the laziness of others. This self-righteousness can be viewed as an attempt to regulate his own negative emotions (like frustration) by emphasizing his own positive qualities and the perceived failures of others.",Frustration blended with a sense of injustice and righteous indignation,"Max58's comments fulfill several needs. He seeks to share his knowledge and understanding of bureaucratic processes related to renewable energy.  He also expresses feelings of frustration, injustice, and indignation. His comments are implicitly a call to action, expressing the need for systemic change.  His writing also suggests a need to connect with others who share similar viewpoints and feel similarly let down by the system.",1,1,1,1,1,1,1,1,0,0,0,1
